customer_id,prediction,churn_probability
C100000,0,0.2269
C100001,0,0.4835
C100002,0,0.3477
C100003,0,0.2514
C100004,1,0.5197
C100005,1,0.573
C100006,1,0.5925
C100007,1,0.7511
C100008,0,0.2693
C100009,0,0.4689
C100010,0,0.2013
C100011,0,0.3619
C100012,1,0.6972
C100013,0,0.0489
C100014,1,0.6996
C100015,0,0.4847
C100016,1,0.8662
C100017,0,0.2926
C100018,1,0.6123
C100019,0,0.278
C100020,1,0.6845
C100021,0,0.231
C100022,1,0.5635
C100023,0,0.3089
C100024,0,0.0997
C100025,0,0.434
C100026,0,0.3998
C100027,1,0.6303
C100028,0,0.3413
C100029,0,0.3345
C100030,1,0.6059
C100031,1,0.5583
C100032,1,0.8373
C100033,0,0.4825
C100034,0,0.2136
C100035,0,0.4444
C100036,0,0.1743
C100037,1,0.5747
C100038,1,0.737
C100039,0,0.3418
C100040,1,0.8078
C100041,1,0.5592
C100042,1,0.7168
C100043,0,0.4764
C100044,1,0.6432
C100045,0,0.31
C100046,0,0.4788
C100047,0,0.4212
C100048,0,0.4439
C100049,0,0.3656
C100050,0,0.4823
C100051,0,0.435
C100052,0,0.4413
C100053,0,0.2093
C100054,1,0.5171
C100055,1,0.6661
C100056,1,0.9259
C100057,1,0.5426
C100058,0,0.1795
C100059,0,0.1635
C100060,0,0.4852
C100061,0,0.2215
C100062,0,0.4605
C100063,0,0.1498
C100064,1,0.5446
C100065,0,0.316
C100066,0,0.3911
C100067,1,0.5862
C100068,0,0.2287
C100069,0,0.177
C100070,0,0.0961
C100071,0,0.2612
C100072,1,0.7088
C100073,0,0.4781
C100074,1,0.6802
C100075,0,0.4819
C100076,0,0.4387
C100077,0,0.3131
C100078,0,0.3058
C100079,1,0.8096
C100080,0,0.2456
C100081,1,0.5601
C100082,1,0.5341
C100083,0,0.1741
C100084,1,0.5179
C100085,0,0.475
C100086,1,0.5108
C100087,0,0.1289
C100088,1,0.5539
C100089,1,0.5865
C100090,1,0.7271
C100091,1,0.5768
C100092,1,0.5673
C100093,0,0.479
C100094,1,0.5294
C100095,1,0.6144
C100096,0,0.1217
C100097,1,0.5373
C100098,0,0.3938
C100099,1,0.5819
C100100,0,0.3964
C100101,1,0.5156
C100102,1,0.6872
C100103,0,0.1938
C100104,0,0.4149
C100105,1,0.6944
C100106,0,0.1848
C100107,0,0.3917
C100108,0,0.4602
C100109,1,0.502
C100110,0,0.4589
C100111,1,0.5358
C100112,1,0.556
C100113,0,0.374
C100114,0,0.3778
C100115,1,0.7239
C100116,0,0.2664
C100117,0,0.1055
C100118,0,0.4514
C100119,0,0.4732
C100120,0,0.3128
C100121,0,0.1634
C100122,1,0.6412
C100123,0,0.2326
C100124,1,0.6833
C100125,0,0.475
C100126,1,0.7403
C100127,1,0.5579
C100128,1,0.6737
C100129,1,0.5552
C100130,0,0.2723
C100131,1,0.5646
C100132,1,0.8093
C100133,0,0.2992
C100134,1,0.897
C100135,1,0.6725
C100136,1,0.8936
C100137,0,0.4055
C100138,0,0.3561
C100139,1,0.7531
C100140,1,0.5017
C100141,1,0.5658
C100142,0,0.4472
C100143,0,0.1413
C100144,0,0.3661
C100145,1,0.5019
C100146,0,0.2725
C100147,0,0.1858
C100148,0,0.4968
C100149,0,0.3144
C100150,1,0.5496
C100151,0,0.1557
C100152,0,0.3739
C100153,1,0.5485
C100154,0,0.2789
C100155,0,0.375
C100156,1,0.765
C100157,1,0.643
C100158,1,0.6092
C100159,1,0.5652
C100160,0,0.3589
C100161,0,0.4571
C100162,0,0.2359
C100163,0,0.1689
C100164,0,0.3778
C100165,0,0.3077
C100166,0,0.2111
C100167,0,0.3293
C100168,1,0.6544
C100169,1,0.6027
C100170,1,0.6693
C100171,0,0.3884
C100172,1,0.5896
C100173,0,0.1949
C100174,1,0.8141
C100175,0,0.3042
C100176,0,0.085
C100177,0,0.3841
C100178,0,0.4005
C100179,0,0.1424
C100180,0,0.3406
C100181,1,0.7693
C100182,0,0.3134
C100183,1,0.5598
C100184,1,0.7516
C100185,1,0.577
C100186,0,0.342
C100187,0,0.3465
C100188,0,0.3679
C100189,0,0.3873
C100190,1,0.6634
C100191,0,0.3534
C100192,0,0.4297
C100193,1,0.6917
C100194,0,0.2962
C100195,1,0.7901
C100196,1,0.5755
C100197,0,0.4277
C100198,0,0.3248
C100199,1,0.7713
C100200,1,0.8125
C100201,0,0.4674
C100202,0,0.484
C100203,1,0.5529
C100204,1,0.5621
C100205,1,0.6949
C100206,1,0.595
C100207,0,0.476
C100208,1,0.5191
C100209,0,0.4252
C100210,0,0.4009
C100211,0,0.2828
C100212,0,0.3474
C100213,0,0.3464
C100214,0,0.1379
C100215,0,0.2694
C100216,0,0.1708
C100217,0,0.458
C100218,0,0.3717
C100219,0,0.4306
C100220,1,0.6406
C100221,0,0.1216
C100222,0,0.1841
C100223,0,0.4159
C100224,0,0.2529
C100225,0,0.3195
C100226,0,0.3318
C100227,1,0.5843
C100228,1,0.7026
C100229,1,0.9296
C100230,1,0.5911
C100231,0,0.3346
C100232,0,0.3433
C100233,0,0.3743
C100234,0,0.2587
C100235,0,0.4217
C100236,0,0.2555
C100237,0,0.1825
C100238,0,0.4269
C100239,0,0.3249
C100240,0,0.3343
C100241,0,0.3946
C100242,0,0.3721
C100243,1,0.5867
C100244,0,0.4393
C100245,0,0.3914
C100246,0,0.1205
C100247,0,0.144
C100248,0,0.296
C100249,0,0.3737
C100250,0,0.2689
C100251,1,0.5556
C100252,0,0.4669
C100253,0,0.4705
C100254,0,0.1891
C100255,1,0.6629
C100256,0,0.328
C100257,1,0.6472
C100258,0,0.1986
C100259,1,0.7979
C100260,1,0.5989
C100261,1,0.5101
C100262,1,0.5087
C100263,0,0.1285
C100264,1,0.5602
C100265,0,0.4484
C100266,0,0.4983
C100267,0,0.4295
C100268,1,0.7879
C100269,1,0.5249
C100270,0,0.4494
C100271,1,0.5805
C100272,1,0.8564
C100273,1,0.6093
C100274,0,0.4751
C100275,0,0.3083
C100276,1,0.5484
C100277,0,0.4706
C100278,0,0.0401
C100279,0,0.208
C100280,0,0.4314
C100281,0,0.3467
C100282,1,0.5947
C100283,1,0.527
C100284,0,0.2977
C100285,0,0.4662
C100286,1,0.5542
C100287,0,0.2394
C100288,0,0.3849
C100289,1,0.5501
C100290,1,0.6539
C100291,0,0.4976
C100292,0,0.3788
C100293,1,0.574
C100294,0,0.3398
C100295,0,0.1731
C100296,0,0.3038
C100297,0,0.3863
C100298,0,0.2004
C100299,1,0.5422
C100300,0,0.466
C100301,1,0.7448
C100302,1,0.505
C100303,0,0.4093
C100304,1,0.5546
C100305,1,0.6039
C100306,1,0.6601
C100307,1,0.5486
C100308,0,0.3275
C100309,0,0.2788
C100310,0,0.2362
C100311,0,0.4043
C100312,1,0.5764
C100313,1,0.5889
C100314,0,0.1567
C100315,0,0.452
C100316,0,0.3325
C100317,0,0.4953
C100318,1,0.5214
C100319,0,0.1893
C100320,0,0.1238
C100321,1,0.5976
C100322,1,0.7809
C100323,1,0.5748
C100324,0,0.0862
C100325,1,0.6411
C100326,1,0.5111
C100327,0,0.4017
C100328,0,0.0984
C100329,0,0.2772
C100330,0,0.0634
C100331,1,0.8009
C100332,1,0.5282
C100333,1,0.5231
C100334,0,0.2102
C100335,0,0.2046
C100336,0,0.3512
C100337,1,0.5469
C100338,0,0.27
C100339,1,0.7726
C100340,1,0.5045
C100341,1,0.6787
C100342,1,0.5938
C100343,0,0.4395
C100344,0,0.3869
C100345,1,0.6219
C100346,0,0.3763
C100347,0,0.4272
C100348,0,0.4887
C100349,0,0.4435
C100350,0,0.126
C100351,0,0.4974
C100352,1,0.6145
C100353,0,0.3257
C100354,0,0.2178
C100355,0,0.4494
C100356,0,0.4786
C100357,0,0.2105
C100358,0,0.4969
C100359,1,0.6629
C100360,0,0.1963
C100361,0,0.4406
C100362,1,0.535
C100363,0,0.3065
C100364,0,0.2403
C100365,0,0.3779
C100366,0,0.4569
C100367,0,0.1231
C100368,1,0.7225
C100369,0,0.0534
C100370,0,0.274
C100371,0,0.1863
C100372,1,0.8621
C100373,1,0.7366
C100374,0,0.3344
C100375,1,0.7999
C100376,0,0.1744
C100377,1,0.7566
C100378,0,0.4792
C100379,0,0.2923
C100380,0,0.2393
C100381,1,0.7317
C100382,0,0.3279
C100383,1,0.5427
C100384,0,0.3992
C100385,1,0.7143
C100386,0,0.2849
C100387,0,0.4658
C100388,1,0.6756
C100389,0,0.4642
C100390,1,0.7561
C100391,0,0.4593
C100392,1,0.8108
C100393,1,0.7431
C100394,1,0.6931
C100395,1,0.644
C100396,0,0.3191
C100397,0,0.3298
C100398,0,0.201
C100399,0,0.2956
C100400,0,0.3703
C100401,0,0.2225
C100402,0,0.2688
C100403,0,0.2047
C100404,1,0.6195
C100405,1,0.6869
C100406,1,0.598
C100407,1,0.6955
C100408,0,0.3959
C100409,1,0.6506
C100410,1,0.8062
C100411,1,0.8728
C100412,1,0.7094
C100413,0,0.3056
C100414,1,0.5512
C100415,0,0.267
C100416,0,0.4673
C100417,1,0.8037
C100418,1,0.539
C100419,0,0.492
C100420,0,0.3837
C100421,1,0.6944
C100422,1,0.5319
C100423,1,0.6093
C100424,1,0.8334
C100425,0,0.4797
C100426,1,0.7024
C100427,0,0.2881
C100428,1,0.58
C100429,1,0.5469
C100430,0,0.3669
C100431,1,0.6375
C100432,0,0.404
C100433,0,0.2808
C100434,1,0.5329
C100435,0,0.3456
C100436,0,0.3701
C100437,1,0.7871
C100438,0,0.4227
C100439,0,0.2044
C100440,0,0.3208
C100441,0,0.1221
C100442,0,0.274
C100443,0,0.1693
C100444,0,0.2405
C100445,0,0.3949
C100446,1,0.5727
C100447,0,0.2524
C100448,1,0.8197
C100449,1,0.5714
C100450,1,0.6041
C100451,1,0.6167
C100452,1,0.5758
C100453,0,0.2897
C100454,1,0.5431
C100455,1,0.7439
C100456,0,0.2106
C100457,1,0.6406
C100458,0,0.2154
C100459,0,0.3659
C100460,0,0.1799
C100461,1,0.833
C100462,0,0.417
C100463,0,0.4493
C100464,1,0.8166
C100465,0,0.1864
C100466,0,0.4379
C100467,0,0.172
C100468,0,0.3006
C100469,0,0.2877
C100470,1,0.5165
C100471,1,0.6052
C100472,1,0.5831
C100473,0,0.1087
C100474,0,0.2297
C100475,1,0.5981
C100476,1,0.8204
C100477,0,0.4537
C100478,1,0.5279
C100479,0,0.3644
C100480,0,0.4983
C100481,0,0.2964
C100482,1,0.5412
C100483,1,0.6916
C100484,1,0.6329
C100485,0,0.3195
C100486,1,0.6408
C100487,0,0.4707
C100488,1,0.7276
C100489,1,0.7241
C100490,0,0.4276
C100491,0,0.2945
C100492,1,0.6915
C100493,0,0.2156
C100494,1,0.6907
C100495,1,0.6053
C100496,1,0.6485
C100497,0,0.4388
C100498,1,0.772
C100499,0,0.4553
C100500,1,0.5473
C100501,0,0.1526
C100502,0,0.3085
C100503,0,0.4075
C100504,1,0.6048
C100505,1,0.841
C100506,0,0.2511
C100507,1,0.5544
C100508,0,0.3823
C100509,1,0.5205
C100510,1,0.5077
C100511,1,0.5989
C100512,0,0.3825
C100513,1,0.5147
C100514,0,0.4506
C100515,1,0.5831
C100516,0,0.2187
C100517,0,0.2438
C100518,1,0.5284
C100519,1,0.7415
C100520,1,0.82
C100521,1,0.5545
C100522,1,0.8221
C100523,0,0.496
C100524,1,0.5016
C100525,0,0.2582
C100526,1,0.5593
C100527,0,0.3431
C100528,0,0.2106
C100529,1,0.7445
C100530,1,0.5979
C100531,1,0.6863
C100532,0,0.3833
C100533,0,0.1952
C100534,0,0.0819
C100535,0,0.4726
C100536,1,0.5948
C100537,0,0.3159
C100538,0,0.3672
C100539,0,0.1958
C100540,0,0.3672
C100541,0,0.4488
C100542,0,0.1072
C100543,0,0.4815
C100544,1,0.7358
C100545,0,0.4093
C100546,0,0.2803
C100547,0,0.208
C100548,0,0.3358
C100549,0,0.3031
C100550,0,0.432
C100551,0,0.1866
C100552,0,0.397
C100553,1,0.7659
C100554,0,0.2447
C100555,0,0.3303
C100556,1,0.8433
C100557,0,0.3676
C100558,0,0.229
C100559,1,0.5491
C100560,0,0.4866
C100561,0,0.2872
C100562,1,0.675
C100563,0,0.3502
C100564,1,0.633
C100565,1,0.5376
C100566,0,0.4588
C100567,1,0.5286
C100568,0,0.4184
C100569,0,0.1503
C100570,1,0.5664
C100571,1,0.7759
C100572,1,0.5688
C100573,1,0.6078
C100574,0,0.4859
C100575,0,0.2175
C100576,1,0.7658
C100577,0,0.4153
C100578,0,0.1974
C100579,1,0.6612
C100580,0,0.344
C100581,1,0.8459
C100582,0,0.4123
C100583,1,0.667
C100584,1,0.7095
C100585,0,0.2466
C100586,1,0.8223
C100587,0,0.2206
C100588,1,0.8866
C100589,1,0.5367
C100590,1,0.6454
C100591,1,0.5728
C100592,0,0.3505
C100593,0,0.3101
C100594,0,0.1658
C100595,0,0.4482
C100596,1,0.7054
C100597,1,0.5102
C100598,1,0.5203
C100599,1,0.503
C100600,1,0.6875
C100601,0,0.0529
C100602,1,0.5419
C100603,0,0.2105
C100604,1,0.7955
C100605,0,0.4457
C100606,0,0.3554
C100607,1,0.6723
C100608,1,0.6785
C100609,1,0.6262
C100610,0,0.4065
C100611,0,0.2354
C100612,1,0.8219
C100613,0,0.3229
C100614,1,0.5758
C100615,1,0.6406
C100616,0,0.4164
C100617,1,0.6679
C100618,1,0.8325
C100619,1,0.5193
C100620,0,0.4629
C100621,0,0.2394
C100622,1,0.6843
C100623,1,0.6284
C100624,0,0.351
C100625,1,0.5929
C100626,1,0.7187
C100627,1,0.6076
C100628,1,0.6306
C100629,0,0.3682
C100630,1,0.781
C100631,1,0.514
C100632,1,0.6425
C100633,0,0.4838
C100634,1,0.582
C100635,0,0.4273
C100636,0,0.2624
C100637,1,0.5325
C100638,1,0.735
C100639,0,0.1169
C100640,0,0.2209
C100641,0,0.4075
C100642,1,0.7264
C100643,0,0.322
C100644,1,0.5559
C100645,0,0.2577
C100646,0,0.428
C100647,1,0.535
C100648,1,0.6979
C100649,0,0.0993
C100650,0,0.486
C100651,0,0.2868
C100652,1,0.5471
C100653,0,0.3995
C100654,1,0.732
C100655,0,0.4132
C100656,1,0.5747
C100657,1,0.8583
C100658,1,0.6957
C100659,1,0.5055
C100660,1,0.5497
C100661,1,0.5555
C100662,1,0.6164
C100663,0,0.2268
C100664,0,0.4749
C100665,0,0.4006
C100666,1,0.6644
C100667,0,0.4616
C100668,1,0.6994
C100669,0,0.1398
C100670,0,0.4359
C100671,1,0.5789
C100672,0,0.2367
C100673,1,0.5679
C100674,0,0.3956
C100675,1,0.5592
C100676,0,0.3632
C100677,1,0.5059
C100678,1,0.5191
C100679,1,0.7997
C100680,1,0.7505
C100681,0,0.2306
C100682,1,0.6681
C100683,1,0.6165
C100684,0,0.3673
C100685,0,0.3447
C100686,1,0.5645
C100687,0,0.4638
C100688,0,0.3633
C100689,1,0.5478
C100690,0,0.4255
C100691,0,0.3687
C100692,1,0.6444
C100693,0,0.2473
C100694,1,0.6012
C100695,0,0.1448
C100696,0,0.2454
C100697,0,0.1896
C100698,1,0.6598
C100699,0,0.2125
C100700,0,0.396
C100701,1,0.7868
C100702,0,0.4912
C100703,0,0.4174
C100704,1,0.7267
C100705,0,0.3952
C100706,0,0.167
C100707,1,0.6085
C100708,0,0.3748
C100709,0,0.4646
C100710,0,0.3371
C100711,1,0.7971
C100712,1,0.7648
C100713,1,0.587
C100714,0,0.3567
C100715,1,0.5998
C100716,0,0.4583
C100717,1,0.6318
C100718,0,0.2679
C100719,0,0.3749
C100720,0,0.1612
C100721,1,0.7451
C100722,0,0.3588
C100723,0,0.1423
C100724,0,0.4368
C100725,0,0.2269
C100726,0,0.3842
C100727,1,0.5863
C100728,0,0.1433
C100729,0,0.3189
C100730,1,0.8285
C100731,0,0.3353
C100732,0,0.1012
C100733,1,0.8201
C100734,1,0.5034
C100735,0,0.4535
C100736,1,0.7764
C100737,0,0.3943
C100738,0,0.4656
C100739,1,0.7697
C100740,0,0.3936
C100741,1,0.5274
C100742,0,0.2605
C100743,1,0.7045
C100744,1,0.5317
C100745,0,0.337
C100746,1,0.7077
C100747,0,0.1861
C100748,1,0.64
C100749,1,0.5087
C100750,0,0.4945
C100751,0,0.3077
C100752,0,0.3632
C100753,1,0.6971
C100754,0,0.2276
C100755,1,0.6934
C100756,0,0.4884
C100757,1,0.6276
C100758,0,0.4093
C100759,0,0.1911
C100760,0,0.2902
C100761,1,0.7287
C100762,1,0.5584
C100763,1,0.6077
C100764,1,0.6295
C100765,0,0.2373
C100766,0,0.326
C100767,0,0.2542
C100768,1,0.5083
C100769,0,0.2415
C100770,0,0.4907
C100771,1,0.839
C100772,0,0.441
C100773,0,0.2606
C100774,1,0.5061
C100775,0,0.2299
C100776,0,0.0885
C100777,1,0.5182
C100778,0,0.1091
C100779,0,0.4074
C100780,0,0.154
C100781,0,0.4326
C100782,1,0.726
C100783,0,0.1309
C100784,0,0.3532
C100785,1,0.639
C100786,0,0.2509
C100787,0,0.2435
C100788,0,0.436
C100789,0,0.2831
C100790,1,0.7273
C100791,1,0.5496
C100792,1,0.7954
C100793,0,0.4337
C100794,0,0.1152
C100795,1,0.5744
C100796,1,0.6285
C100797,1,0.5775
C100798,1,0.5526
C100799,1,0.6402
C100800,1,0.5538
C100801,1,0.6149
C100802,0,0.2027
C100803,0,0.0709
C100804,0,0.4447
C100805,0,0.3345
C100806,0,0.2692
C100807,1,0.5423
C100808,1,0.799
C100809,0,0.3989
C100810,1,0.6914
C100811,0,0.1978
C100812,0,0.3425
C100813,0,0.4917
C100814,1,0.7067
C100815,0,0.2671
C100816,1,0.7839
C100817,1,0.5912
C100818,1,0.9086
C100819,0,0.3944
C100820,1,0.6796
C100821,0,0.1781
C100822,0,0.3877
C100823,1,0.6079
C100824,0,0.133
C100825,1,0.596
C100826,0,0.1519
C100827,1,0.6307
C100828,1,0.656
C100829,0,0.3371
C100830,1,0.6624
C100831,1,0.7384
C100832,0,0.3926
C100833,1,0.7526
C100834,0,0.1095
C100835,0,0.1741
C100836,1,0.5164
C100837,1,0.8769
C100838,0,0.3535
C100839,1,0.5947
C100840,1,0.785
C100841,0,0.1775
C100842,0,0.3752
C100843,0,0.27
C100844,1,0.6
C100845,0,0.4714
C100846,0,0.3633
C100847,0,0.4206
C100848,0,0.2212
C100849,1,0.5503
C100850,1,0.5975
C100851,0,0.2542
C100852,0,0.3541
C100853,0,0.4341
C100854,0,0.227
C100855,1,0.6303
C100856,0,0.4736
C100857,0,0.2641
C100858,0,0.4529
C100859,0,0.4967
C100860,0,0.437
C100861,1,0.6016
C100862,0,0.1053
C100863,1,0.7859
C100864,0,0.1755
C100865,1,0.6327
C100866,1,0.5718
C100867,1,0.5475
C100868,0,0.3668
C100869,1,0.6312
C100870,0,0.4749
C100871,0,0.2539
C100872,0,0.137
C100873,1,0.5005
C100874,0,0.1788
C100875,0,0.2104
C100876,0,0.4692
C100877,1,0.6634
C100878,1,0.8076
C100879,1,0.694
C100880,0,0.4539
C100881,1,0.697
C100882,0,0.1118
C100883,0,0.35
C100884,1,0.6921
C100885,1,0.8727
C100886,0,0.2313
C100887,0,0.3476
C100888,0,0.4562
C100889,1,0.777
C100890,0,0.409
C100891,1,0.5468
C100892,1,0.5587
C100893,0,0.3607
C100894,0,0.1802
C100895,1,0.5196
C100896,1,0.5622
C100897,1,0.6134
C100898,0,0.4674
C100899,0,0.3311
C100900,0,0.4824
C100901,1,0.6583
C100902,0,0.2278
C100903,1,0.6517
C100904,1,0.7118
C100905,0,0.286
C100906,0,0.2618
C100907,1,0.7113
C100908,0,0.4114
C100909,0,0.3216
C100910,0,0.3307
C100911,0,0.2707
C100912,1,0.6442
C100913,0,0.2087
C100914,0,0.4556
C100915,1,0.7708
C100916,1,0.7854
C100917,0,0.1111
C100918,0,0.1909
C100919,0,0.4984
C100920,0,0.4925
C100921,1,0.5881
C100922,0,0.2821
C100923,0,0.4944
C100924,0,0.2853
C100925,1,0.6049
C100926,1,0.8491
C100927,0,0.3164
C100928,1,0.6157
C100929,0,0.255
C100930,0,0.1815
C100931,1,0.6303
C100932,0,0.3461
C100933,0,0.188
C100934,1,0.7157
C100935,0,0.3856
C100936,0,0.3543
C100937,0,0.4553
C100938,0,0.4811
C100939,1,0.704
C100940,0,0.4767
C100941,0,0.4885
C100942,0,0.4179
C100943,0,0.2033
C100944,0,0.3061
C100945,1,0.6657
C100946,0,0.2139
C100947,1,0.5632
C100948,0,0.4894
C100949,0,0.468
C100950,1,0.5223
C100951,1,0.5644
C100952,0,0.26
C100953,0,0.3417
C100954,0,0.4429
C100955,0,0.2937
C100956,0,0.318
C100957,0,0.3772
C100958,1,0.7577
C100959,0,0.3644
C100960,0,0.202
C100961,1,0.5659
C100962,0,0.4078
C100963,0,0.2237
C100964,0,0.4263
C100965,1,0.7289
C100966,0,0.3126
C100967,0,0.1497
C100968,0,0.2549
C100969,1,0.6062
C100970,1,0.5373
C100971,1,0.8059
C100972,0,0.239
C100973,0,0.4495
C100974,1,0.7531
C100975,0,0.4515
C100976,0,0.3907
C100977,0,0.4075
C100978,1,0.6615
C100979,0,0.3728
C100980,0,0.2718
C100981,0,0.3382
C100982,1,0.5321
C100983,0,0.1461
C100984,1,0.5682
C100985,0,0.3088
C100986,1,0.507
C100987,0,0.3742
C100988,1,0.5157
C100989,0,0.3987
C100990,1,0.7358
C100991,1,0.8088
C100992,0,0.2071
C100993,0,0.4392
C100994,0,0.38
C100995,0,0.4332
C100996,1,0.6234
C100997,0,0.3691
C100998,1,0.6562
C100999,0,0.1969
C101000,0,0.3228
C101001,1,0.589
C101002,1,0.644
C101003,1,0.5979
C101004,1,0.6751
C101005,1,0.5053
C101006,1,0.6166
C101007,0,0.2868
C101008,0,0.2811
C101009,0,0.2166
C101010,1,0.5272
C101011,1,0.6418
C101012,0,0.273
C101013,0,0.4435
C101014,0,0.2993
C101015,0,0.2372
C101016,0,0.2601
C101017,0,0.4416
C101018,0,0.4608
C101019,0,0.1912
C101020,0,0.1846
C101021,0,0.4306
C101022,1,0.5199
C101023,0,0.2721
C101024,0,0.3105
C101025,1,0.8595
C101026,1,0.6091
C101027,0,0.4723
C101028,0,0.3241
C101029,0,0.2511
C101030,0,0.3944
C101031,1,0.5927
C101032,0,0.3553
C101033,1,0.6261
C101034,1,0.5726
C101035,0,0.269
C101036,1,0.5402
C101037,0,0.2562
C101038,1,0.5488
C101039,0,0.3794
C101040,0,0.3548
C101041,1,0.5371
C101042,1,0.8316
C101043,0,0.4337
C101044,0,0.302
C101045,0,0.3749
C101046,0,0.4593
C101047,1,0.6199
C101048,1,0.6064
C101049,0,0.2702
C101050,0,0.4478
C101051,0,0.4893
C101052,1,0.7359
C101053,1,0.6385
C101054,1,0.6328
C101055,1,0.534
C101056,0,0.3848
C101057,1,0.6089
C101058,0,0.2994
C101059,0,0.1695
C101060,1,0.5172
C101061,0,0.4974
C101062,0,0.3491
C101063,0,0.4912
C101064,0,0.2907
C101065,1,0.586
C101066,0,0.4368
C101067,1,0.7365
C101068,0,0.2735
C101069,0,0.4931
C101070,0,0.2875
C101071,1,0.7653
C101072,0,0.4437
C101073,1,0.5566
C101074,0,0.2363
C101075,0,0.4489
C101076,1,0.7742
C101077,0,0.1538
C101078,0,0.2843
C101079,1,0.8566
C101080,1,0.5171
C101081,0,0.3664
C101082,1,0.5692
C101083,0,0.1348
C101084,1,0.6048
C101085,0,0.2964
C101086,0,0.2599
C101087,0,0.336
C101088,0,0.4159
C101089,0,0.2824
C101090,0,0.1522
C101091,1,0.8063
C101092,1,0.7979
C101093,1,0.5891
C101094,0,0.1896
C101095,0,0.1681
C101096,0,0.1903
C101097,0,0.4806
C101098,0,0.4224
C101099,0,0.3849
C101100,0,0.4569
C101101,0,0.2491
C101102,1,0.8599
C101103,0,0.2077
C101104,1,0.6595
C101105,1,0.5051
C101106,0,0.1135
C101107,1,0.5178
C101108,1,0.6392
C101109,1,0.7017
C101110,0,0.4999
C101111,1,0.7031
C101112,0,0.3413
C101113,1,0.5564
C101114,1,0.5294
C101115,1,0.703
C101116,0,0.2784
C101117,0,0.3086
C101118,1,0.5494
C101119,0,0.3119
C101120,1,0.575
C101121,1,0.7839
C101122,0,0.3205
C101123,0,0.1748
C101124,1,0.6049
C101125,0,0.4776
C101126,1,0.5237
C101127,1,0.5024
C101128,1,0.7701
C101129,1,0.56
C101130,0,0.1717
C101131,1,0.6005
C101132,0,0.178
C101133,1,0.5293
C101134,0,0.3866
C101135,0,0.1244
C101136,0,0.3705
C101137,0,0.4832
C101138,1,0.511
C101139,0,0.295
C101140,0,0.2278
C101141,1,0.6875
C101142,0,0.3841
C101143,1,0.5396
C101144,1,0.5634
C101145,0,0.1503
C101146,1,0.6517
C101147,1,0.5722
C101148,0,0.2415
C101149,0,0.2104
C101150,1,0.6774
C101151,0,0.1377
C101152,1,0.6167
C101153,1,0.537
C101154,0,0.1167
C101155,1,0.7171
C101156,0,0.4795
C101157,0,0.4523
C101158,0,0.3121
C101159,1,0.6366
C101160,0,0.4701
C101161,1,0.5175
C101162,1,0.5649
C101163,0,0.3139
C101164,1,0.6921
C101165,0,0.233
C101166,1,0.5921
C101167,1,0.5564
C101168,0,0.3077
C101169,1,0.6874
C101170,1,0.6979
C101171,0,0.149
C101172,1,0.7894
C101173,1,0.5008
C101174,0,0.285
C101175,0,0.3633
C101176,1,0.6461
C101177,1,0.572
C101178,0,0.3055
C101179,0,0.2711
C101180,0,0.4728
C101181,0,0.132
C101182,1,0.7917
C101183,0,0.3948
C101184,0,0.2114
C101185,0,0.2262
C101186,1,0.5617
C101187,1,0.8469
C101188,1,0.5189
C101189,0,0.4962
C101190,1,0.5563
C101191,0,0.3249
C101192,1,0.5993
C101193,1,0.7212
C101194,0,0.4952
C101195,1,0.673
C101196,0,0.4675
C101197,1,0.5043
C101198,0,0.3612
C101199,0,0.4638
C101200,1,0.8237
C101201,1,0.5136
C101202,0,0.2404
C101203,0,0.4449
C101204,0,0.4972
C101205,0,0.4138
C101206,0,0.4086
C101207,0,0.3173
C101208,0,0.0457
C101209,0,0.4361
C101210,1,0.7284
C101211,0,0.4561
C101212,1,0.6389
C101213,0,0.4241
C101214,0,0.4192
C101215,1,0.5908
C101216,1,0.5255
C101217,0,0.3756
C101218,0,0.3946
C101219,0,0.4148
C101220,0,0.4493
C101221,0,0.3711
C101222,0,0.3302
C101223,0,0.4342
C101224,1,0.7604
C101225,1,0.6056
C101226,1,0.7233
C101227,1,0.6112
C101228,0,0.2352
C101229,1,0.7392
C101230,1,0.8352
C101231,0,0.4896
C101232,0,0.4304
C101233,1,0.5026
C101234,0,0.3067
C101235,0,0.4363
C101236,1,0.6504
C101237,0,0.3532
C101238,1,0.7462
C101239,0,0.4087
C101240,1,0.7161
C101241,0,0.472
C101242,0,0.3642
C101243,1,0.6637
C101244,0,0.3357
C101245,0,0.3468
C101246,0,0.3797
C101247,1,0.5151
C101248,0,0.452
C101249,0,0.4062
C101250,1,0.5141
C101251,0,0.2757
C101252,0,0.33
C101253,0,0.1768
C101254,1,0.5624
C101255,1,0.7421
C101256,1,0.8842
C101257,0,0.1153
C101258,1,0.7687
C101259,1,0.6483
C101260,0,0.4945
C101261,1,0.6274
C101262,0,0.4785
C101263,0,0.4752
C101264,0,0.1641
C101265,1,0.5254
C101266,1,0.5773
C101267,0,0.4211
C101268,1,0.5218
C101269,0,0.2257
C101270,0,0.4676
C101271,0,0.4974
C101272,1,0.5748
C101273,0,0.2687
C101274,0,0.2497
C101275,1,0.6575
C101276,0,0.4588
C101277,1,0.5832
C101278,1,0.7067
C101279,0,0.3306
C101280,1,0.5514
C101281,1,0.6404
C101282,1,0.5307
C101283,1,0.7745
C101284,1,0.5144
C101285,0,0.4012
C101286,0,0.4772
C101287,1,0.5025
C101288,1,0.6426
C101289,0,0.2968
C101290,1,0.5976
C101291,0,0.3547
C101292,1,0.7131
C101293,1,0.6895
C101294,1,0.8156
C101295,0,0.3843
C101296,0,0.1415
C101297,0,0.3276
C101298,0,0.3045
C101299,0,0.0688
C101300,1,0.7346
C101301,0,0.2697
C101302,0,0.4497
C101303,0,0.3361
C101304,0,0.3979
C101305,0,0.3
C101306,0,0.2809
C101307,1,0.6543
C101308,0,0.2136
C101309,0,0.4937
C101310,1,0.7366
C101311,0,0.3524
C101312,0,0.1166
C101313,0,0.4752
C101314,0,0.2817
C101315,0,0.3617
C101316,0,0.3915
C101317,1,0.7366
C101318,1,0.5807
C101319,1,0.5167
C101320,0,0.2516
C101321,1,0.6023
C101322,0,0.3642
C101323,1,0.8746
C101324,1,0.5308
C101325,1,0.6911
C101326,1,0.6267
C101327,0,0.2838
C101328,0,0.3332
C101329,0,0.3422
C101330,0,0.2453
C101331,1,0.5702
C101332,0,0.4783
C101333,0,0.2633
C101334,1,0.6872
C101335,0,0.3953
C101336,1,0.6959
C101337,0,0.2269
C101338,0,0.4872
C101339,0,0.3074
C101340,1,0.5242
C101341,0,0.2211
C101342,1,0.5333
C101343,1,0.7098
C101344,1,0.6723
C101345,1,0.7351
C101346,0,0.1034
C101347,0,0.235
C101348,0,0.1695
C101349,0,0.3001
C101350,0,0.3639
C101351,0,0.4693
C101352,0,0.3326
C101353,1,0.6586
C101354,0,0.3322
C101355,1,0.5416
C101356,0,0.3154
C101357,0,0.4658
C101358,0,0.3184
C101359,1,0.6045
C101360,0,0.2187
C101361,1,0.6044
C101362,0,0.0987
C101363,1,0.5327
C101364,1,0.7294
C101365,1,0.7165
C101366,1,0.5311
C101367,1,0.5168
C101368,0,0.4428
C101369,1,0.7009
C101370,0,0.2969
C101371,1,0.6278
C101372,1,0.6668
C101373,0,0.4115
C101374,1,0.6641
C101375,0,0.3626
C101376,0,0.495
C101377,0,0.4556
C101378,1,0.6297
C101379,0,0.3585
C101380,0,0.4586
C101381,1,0.5916
C101382,1,0.7622
C101383,0,0.2307
C101384,1,0.6703
C101385,0,0.2777
C101386,1,0.6393
C101387,1,0.5956
C101388,1,0.6666
C101389,0,0.396
C101390,1,0.5442
C101391,0,0.3558
C101392,0,0.2178
C101393,1,0.665
C101394,1,0.6596
C101395,1,0.5125
C101396,1,0.6438
C101397,0,0.2
C101398,0,0.3614
C101399,0,0.4293
C101400,0,0.1188
C101401,0,0.4199
C101402,1,0.6522
C101403,0,0.2591
C101404,1,0.7065
C101405,0,0.3432
C101406,1,0.5428
C101407,1,0.5844
C101408,0,0.3147
C101409,1,0.6338
C101410,0,0.247
C101411,1,0.6465
C101412,0,0.3464
C101413,0,0.3662
C101414,0,0.268
C101415,0,0.3232
C101416,1,0.7438
C101417,0,0.2526
C101418,1,0.6007
C101419,0,0.177
C101420,0,0.3363
C101421,1,0.5899
C101422,0,0.4716
C101423,1,0.7393
C101424,1,0.5687
C101425,0,0.2488
C101426,0,0.4037
C101427,1,0.811
C101428,0,0.4764
C101429,0,0.3496
C101430,1,0.7587
C101431,1,0.7718
C101432,0,0.3164
C101433,0,0.2696
C101434,1,0.5615
C101435,0,0.1929
C101436,1,0.5698
C101437,1,0.6994
C101438,1,0.5782
C101439,0,0.2388
C101440,0,0.4454
C101441,1,0.5581
C101442,0,0.1506
C101443,1,0.6326
C101444,0,0.2531
C101445,1,0.5347
C101446,1,0.5384
C101447,1,0.5839
C101448,1,0.5214
C101449,0,0.1533
C101450,0,0.3961
C101451,0,0.4237
C101452,1,0.7402
C101453,0,0.2819
C101454,1,0.6313
C101455,1,0.5318
C101456,0,0.3597
C101457,1,0.5368
C101458,1,0.5821
C101459,1,0.7247
C101460,0,0.2741
C101461,1,0.7061
C101462,0,0.2788
C101463,1,0.7845
C101464,1,0.5687
C101465,0,0.411
C101466,0,0.459
C101467,1,0.5506
C101468,0,0.3243
C101469,1,0.6171
C101470,1,0.7971
C101471,0,0.3241
C101472,0,0.2854
C101473,0,0.4104
C101474,1,0.5805
C101475,0,0.2544
C101476,1,0.5924
C101477,0,0.4775
C101478,0,0.2295
C101479,0,0.4737
C101480,0,0.1248
C101481,0,0.1721
C101482,0,0.4575
C101483,0,0.4133
C101484,0,0.3631
C101485,0,0.2696
C101486,1,0.5757
C101487,0,0.1955
C101488,1,0.5034
C101489,0,0.4397
C101490,1,0.7067
C101491,1,0.6283
C101492,0,0.4141
C101493,1,0.5805
C101494,1,0.7647
C101495,0,0.4144
C101496,0,0.3026
C101497,0,0.2864
C101498,1,0.593
C101499,1,0.6286
C101500,0,0.3526
C101501,0,0.3168
C101502,1,0.5859
C101503,0,0.1739
C101504,1,0.52
C101505,1,0.5557
C101506,0,0.2939
C101507,0,0.4059
C101508,1,0.5221
C101509,1,0.5067
C101510,1,0.6987
C101511,0,0.4738
C101512,0,0.1313
C101513,0,0.3244
C101514,0,0.437
C101515,1,0.7505
C101516,0,0.2709
C101517,1,0.6704
C101518,0,0.123
C101519,1,0.5294
C101520,1,0.566
C101521,1,0.655
C101522,0,0.2049
C101523,1,0.6075
C101524,1,0.6815
C101525,1,0.5429
C101526,0,0.3628
C101527,0,0.2466
C101528,1,0.7342
C101529,1,0.6876
C101530,0,0.4081
C101531,0,0.144
C101532,0,0.3439
C101533,0,0.1785
C101534,0,0.3092
C101535,1,0.5734
C101536,1,0.5922
C101537,0,0.2481
C101538,0,0.3184
C101539,0,0.3602
C101540,0,0.3314
C101541,0,0.3054
C101542,0,0.1956
C101543,0,0.0494
C101544,0,0.2543
C101545,0,0.2892
C101546,0,0.1975
C101547,1,0.7184
C101548,0,0.4028
C101549,0,0.2516
C101550,1,0.5412
C101551,1,0.7598
C101552,1,0.501
C101553,1,0.6812
C101554,1,0.5879
C101555,0,0.2401
C101556,1,0.5803
C101557,0,0.2456
C101558,0,0.1726
C101559,0,0.4954
C101560,0,0.3971
C101561,1,0.6193
C101562,1,0.545
C101563,1,0.753
C101564,0,0.1968
C101565,0,0.4287
C101566,1,0.5589
C101567,1,0.5172
C101568,1,0.5982
C101569,0,0.3119
C101570,0,0.3656
C101571,1,0.6193
C101572,1,0.66
C101573,0,0.1826
C101574,1,0.501
C101575,1,0.7741
C101576,1,0.5401
C101577,1,0.7574
C101578,0,0.4757
C101579,0,0.1685
C101580,0,0.3834
C101581,1,0.5872
C101582,0,0.4704
C101583,1,0.5673
C101584,0,0.1978
C101585,0,0.4803
C101586,1,0.7455
C101587,1,0.6217
C101588,0,0.3474
C101589,1,0.52
C101590,1,0.7979
C101591,0,0.4177
C101592,0,0.3604
C101593,1,0.5969
C101594,1,0.5439
C101595,0,0.2506
C101596,0,0.4301
C101597,1,0.7227
C101598,0,0.1417
C101599,1,0.5866
C101600,0,0.3574
C101601,0,0.384
C101602,0,0.376
C101603,1,0.6619
C101604,1,0.8619
C101605,1,0.5939
C101606,0,0.3607
C101607,1,0.7279
C101608,0,0.4747
C101609,0,0.3088
C101610,1,0.689
C101611,0,0.1154
C101612,0,0.4058
C101613,0,0.4953
C101614,1,0.5153
C101615,1,0.6411
C101616,0,0.3792
C101617,0,0.1695
C101618,0,0.4789
C101619,1,0.6356
C101620,0,0.3788
C101621,0,0.3573
C101622,1,0.6837
C101623,1,0.5486
C101624,0,0.3355
C101625,1,0.583
C101626,1,0.5362
C101627,1,0.5717
C101628,0,0.433
C101629,0,0.1864
C101630,1,0.6306
C101631,0,0.3596
C101632,1,0.8057
C101633,1,0.516
C101634,1,0.68
C101635,1,0.7324
C101636,1,0.7631
C101637,1,0.5207
C101638,1,0.5907
C101639,1,0.7562
C101640,0,0.2175
C101641,1,0.6432
C101642,0,0.4523
C101643,0,0.2291
C101644,1,0.7152
C101645,1,0.7251
C101646,0,0.3833
C101647,1,0.6917
C101648,0,0.2335
C101649,0,0.4052
C101650,0,0.4733
C101651,1,0.8496
C101652,0,0.401
C101653,0,0.2266
C101654,1,0.5514
C101655,1,0.7402
C101656,1,0.603
C101657,1,0.6629
C101658,1,0.5566
C101659,1,0.693
C101660,0,0.1581
C101661,0,0.1889
C101662,1,0.62
C101663,0,0.4862
C101664,1,0.8192
C101665,1,0.7519
C101666,1,0.642
C101667,0,0.2934
C101668,0,0.3638
C101669,0,0.1356
C101670,1,0.538
C101671,1,0.644
C101672,0,0.3718
C101673,0,0.1866
C101674,1,0.5789
C101675,1,0.787
C101676,1,0.7983
C101677,1,0.6957
C101678,1,0.7849
C101679,0,0.3396
C101680,0,0.1916
C101681,0,0.4177
C101682,0,0.4901
C101683,1,0.6003
C101684,0,0.3774
C101685,1,0.8115
C101686,1,0.7259
C101687,1,0.5981
C101688,1,0.6579
C101689,0,0.2155
C101690,0,0.2696
C101691,0,0.4955
C101692,0,0.4943
C101693,0,0.4561
C101694,0,0.3464
C101695,1,0.5426
C101696,0,0.2461
C101697,0,0.2007
C101698,1,0.7093
C101699,0,0.43
C101700,0,0.466
C101701,0,0.1215
C101702,1,0.5851
C101703,0,0.2634
C101704,0,0.431
C101705,1,0.7396
C101706,1,0.5044
C101707,0,0.2007
C101708,0,0.3174
C101709,1,0.7081
C101710,1,0.8832
C101711,0,0.4408
C101712,0,0.2771
C101713,1,0.819
C101714,1,0.8363
C101715,0,0.3054
C101716,1,0.6597
C101717,0,0.362
C101718,0,0.3588
C101719,0,0.4639
C101720,1,0.5265
C101721,1,0.6271
C101722,0,0.4291
C101723,0,0.2867
C101724,1,0.6004
C101725,0,0.2271
C101726,1,0.5371
C101727,1,0.5209
C101728,0,0.3567
C101729,1,0.6345
C101730,0,0.0927
C101731,1,0.6789
C101732,1,0.7926
C101733,1,0.7333
C101734,1,0.5558
C101735,0,0.3999
C101736,0,0.4517
C101737,0,0.1078
C101738,0,0.2141
C101739,0,0.3464
C101740,1,0.5809
C101741,0,0.4622
C101742,1,0.5934
C101743,0,0.3429
C101744,0,0.1542
C101745,1,0.6238
C101746,0,0.2953
C101747,0,0.4986
C101748,0,0.3378
C101749,0,0.3255
C101750,0,0.2423
C101751,0,0.3906
C101752,1,0.5758
C101753,0,0.3857
C101754,0,0.2114
C101755,0,0.2035
C101756,0,0.2564
C101757,1,0.5361
C101758,1,0.6699
C101759,0,0.1842
C101760,1,0.7332
C101761,0,0.1591
C101762,0,0.3799
C101763,0,0.2287
C101764,0,0.1936
C101765,0,0.2558
C101766,0,0.1866
C101767,1,0.6067
C101768,1,0.5895
C101769,1,0.5372
C101770,1,0.5135
C101771,1,0.5702
C101772,1,0.6281
C101773,0,0.3009
C101774,0,0.3231
C101775,1,0.6662
C101776,0,0.1952
C101777,1,0.6852
C101778,0,0.2904
C101779,0,0.4022
C101780,1,0.5239
C101781,0,0.498
C101782,0,0.4687
C101783,0,0.2729
C101784,0,0.1925
C101785,1,0.5723
C101786,0,0.4867
C101787,1,0.6098
C101788,1,0.711
C101789,1,0.6872
C101790,0,0.1605
C101791,0,0.2072
C101792,0,0.4495
C101793,1,0.6965
C101794,1,0.6949
C101795,0,0.2485
C101796,0,0.3105
C101797,0,0.3712
C101798,1,0.7493
C101799,0,0.491
C101800,1,0.5002
C101801,0,0.4643
C101802,0,0.2539
C101803,1,0.5641
C101804,1,0.8175
C101805,0,0.429
C101806,0,0.3066
C101807,1,0.6622
C101808,0,0.1571
C101809,1,0.5916
C101810,0,0.3219
C101811,0,0.4417
C101812,0,0.446
C101813,1,0.6187
C101814,0,0.3005
C101815,0,0.4414
C101816,1,0.7846
C101817,0,0.2731
C101818,0,0.3698
C101819,1,0.5266
C101820,0,0.3084
C101821,1,0.582
C101822,1,0.647
C101823,0,0.1404
C101824,0,0.1923
C101825,1,0.5161
C101826,0,0.4694
C101827,0,0.3239
C101828,1,0.5496
C101829,1,0.88
C101830,0,0.1847
C101831,1,0.639
C101832,1,0.7228
C101833,0,0.2879
C101834,0,0.4595
C101835,0,0.474
C101836,0,0.0881
C101837,1,0.7317
C101838,0,0.2827
C101839,1,0.624
C101840,0,0.473
C101841,0,0.3686
C101842,0,0.1853
C101843,1,0.5662
C101844,1,0.7296
C101845,0,0.407
C101846,1,0.6453
C101847,0,0.4384
C101848,0,0.3146
C101849,1,0.6272
C101850,0,0.4916
C101851,0,0.3111
C101852,1,0.5862
C101853,0,0.222
C101854,1,0.5957
C101855,1,0.5559
C101856,1,0.6075
C101857,0,0.4687
C101858,0,0.4893
C101859,0,0.4397
C101860,0,0.1922
C101861,1,0.767
C101862,0,0.1915
C101863,0,0.4595
C101864,0,0.487
C101865,1,0.6576
C101866,0,0.1414
C101867,0,0.3431
C101868,1,0.528
C101869,1,0.5682
C101870,0,0.2786
C101871,1,0.572
C101872,1,0.5051
C101873,0,0.2469
C101874,0,0.4853
C101875,0,0.3882
C101876,0,0.2374
C101877,1,0.6662
C101878,1,0.8383
C101879,0,0.4082
C101880,1,0.803
C101881,0,0.4766
C101882,0,0.3563
C101883,0,0.467
C101884,0,0.3158
C101885,0,0.3037
C101886,0,0.225
C101887,0,0.1347
C101888,1,0.6952
C101889,0,0.3023
C101890,1,0.7346
C101891,1,0.6864
C101892,0,0.1189
C101893,0,0.4098
C101894,0,0.366
C101895,0,0.1144
C101896,0,0.2391
C101897,0,0.377
C101898,0,0.3032
C101899,0,0.2732
C101900,0,0.1546
C101901,0,0.339
C101902,1,0.5227
C101903,1,0.8599
C101904,1,0.5665
C101905,0,0.3521
C101906,1,0.8487
C101907,1,0.6739
C101908,0,0.1352
C101909,1,0.5836
C101910,0,0.3477
C101911,0,0.1782
C101912,1,0.6364
C101913,0,0.4217
C101914,0,0.3065
C101915,0,0.3963
C101916,1,0.6794
C101917,0,0.238
C101918,1,0.7854
C101919,1,0.8134
C101920,1,0.7444
C101921,0,0.4832
C101922,1,0.662
C101923,1,0.5837
C101924,1,0.535
C101925,0,0.4504
C101926,0,0.484
C101927,1,0.5085
C101928,0,0.2846
C101929,1,0.6882
C101930,0,0.3077
C101931,1,0.7112
C101932,0,0.3063
C101933,1,0.7838
C101934,1,0.7273
C101935,0,0.2225
C101936,0,0.4913
C101937,1,0.5963
C101938,1,0.6106
C101939,1,0.6052
C101940,1,0.544
C101941,0,0.4955
C101942,1,0.5187
C101943,0,0.2699
C101944,1,0.5612
C101945,0,0.2149
C101946,0,0.2367
C101947,0,0.4749
C101948,0,0.2603
C101949,1,0.5008
C101950,0,0.2818
C101951,0,0.4341
C101952,1,0.5767
C101953,1,0.6702
C101954,0,0.3791
C101955,1,0.5312
C101956,1,0.5269
C101957,1,0.5141
C101958,1,0.5062
C101959,0,0.194
C101960,0,0.3746
C101961,1,0.6812
C101962,0,0.2179
C101963,1,0.5136
C101964,1,0.5209
C101965,1,0.7437
C101966,1,0.5069
C101967,1,0.6001
C101968,0,0.1918
C101969,0,0.2087
C101970,1,0.635
C101971,0,0.4426
C101972,1,0.7338
C101973,1,0.5157
C101974,0,0.2685
C101975,1,0.6009
C101976,1,0.6772
C101977,1,0.5795
C101978,1,0.6862
C101979,1,0.5522
C101980,0,0.3474
C101981,1,0.6709
C101982,1,0.7601
C101983,1,0.8486
C101984,0,0.2096
C101985,0,0.3201
C101986,0,0.3866
C101987,1,0.5324
C101988,0,0.4879
C101989,1,0.5865
C101990,1,0.8081
C101991,0,0.4367
C101992,0,0.4092
C101993,0,0.3411
C101994,0,0.3528
C101995,1,0.6652
C101996,0,0.4318
C101997,0,0.3947
C101998,0,0.298
C101999,1,0.7532
C102000,0,0.3285
C102001,0,0.3915
C102002,1,0.7483
C102003,0,0.429
C102004,0,0.325
C102005,0,0.1334
C102006,0,0.1768
C102007,0,0.1587
C102008,0,0.4909
C102009,1,0.5662
C102010,1,0.6204
C102011,0,0.247
C102012,1,0.6993
C102013,0,0.1207
C102014,1,0.7118
C102015,1,0.7458
C102016,0,0.362
C102017,0,0.2709
C102018,1,0.5717
C102019,1,0.5117
C102020,0,0.1883
C102021,0,0.4082
C102022,1,0.5305
C102023,0,0.3467
C102024,1,0.6628
C102025,1,0.765
C102026,1,0.5378
C102027,1,0.7479
C102028,0,0.4547
C102029,1,0.6659
C102030,0,0.2029
C102031,1,0.8744
C102032,0,0.4909
C102033,0,0.4255
C102034,0,0.361
C102035,1,0.6634
C102036,0,0.1891
C102037,1,0.5791
C102038,1,0.6536
C102039,1,0.8447
C102040,0,0.4335
C102041,0,0.4038
C102042,0,0.2699
C102043,1,0.5301
C102044,0,0.3831
C102045,0,0.3277
C102046,0,0.2279
C102047,1,0.6613
C102048,1,0.8681
C102049,0,0.1358
C102050,0,0.4342
C102051,0,0.3038
C102052,1,0.6736
C102053,1,0.6808
C102054,1,0.5469
C102055,0,0.426
C102056,0,0.3086
C102057,1,0.6838
C102058,0,0.4767
C102059,1,0.6144
C102060,1,0.5507
C102061,1,0.8536
C102062,1,0.6088
C102063,1,0.5169
C102064,0,0.4244
C102065,0,0.4628
C102066,0,0.2673
C102067,1,0.7471
C102068,1,0.5374
C102069,1,0.7411
C102070,0,0.3347
C102071,1,0.5442
C102072,1,0.5455
C102073,1,0.5664
C102074,1,0.8063
C102075,1,0.638
C102076,1,0.8557
C102077,0,0.4749
C102078,0,0.4512
C102079,1,0.5516
C102080,0,0.1153
C102081,1,0.6267
C102082,0,0.1272
C102083,0,0.471
C102084,0,0.3586
C102085,1,0.5935
C102086,0,0.4392
C102087,0,0.3164
C102088,0,0.4712
C102089,0,0.2102
C102090,0,0.4294
C102091,1,0.7955
C102092,0,0.2214
C102093,1,0.7874
C102094,0,0.2835
C102095,0,0.22
C102096,1,0.6198
C102097,1,0.6377
C102098,0,0.4283
C102099,0,0.3038
C102100,0,0.33
C102101,1,0.8826
C102102,1,0.8012
C102103,1,0.507
C102104,0,0.4678
C102105,1,0.6856
C102106,1,0.6666
C102107,0,0.4547
C102108,0,0.1287
C102109,0,0.3239
C102110,1,0.8123
C102111,1,0.6995
C102112,1,0.6708
C102113,1,0.6663
C102114,0,0.4571
C102115,1,0.6862
C102116,1,0.5411
C102117,0,0.3034
C102118,0,0.2789
C102119,1,0.6795
C102120,1,0.5787
C102121,0,0.276
C102122,0,0.4995
C102123,0,0.2776
C102124,1,0.6242
C102125,0,0.2957
C102126,1,0.7672
C102127,0,0.213
C102128,0,0.4013
C102129,0,0.3158
C102130,0,0.4045
C102131,0,0.4536
C102132,0,0.4907
C102133,1,0.6706
C102134,0,0.4334
C102135,1,0.851
C102136,0,0.4631
C102137,0,0.1093
C102138,0,0.3274
C102139,1,0.5396
C102140,1,0.504
C102141,0,0.3293
C102142,0,0.4921
C102143,0,0.1253
C102144,0,0.3232
C102145,0,0.4107
C102146,0,0.2442
C102147,0,0.4118
C102148,0,0.2904
C102149,0,0.2781
C102150,0,0.3408
C102151,0,0.2749
C102152,1,0.5541
C102153,1,0.6927
C102154,0,0.2135
C102155,0,0.2838
C102156,0,0.1589
C102157,0,0.4049
C102158,0,0.2815
C102159,0,0.3652
C102160,0,0.3148
C102161,1,0.5255
C102162,1,0.8156
C102163,1,0.8045
C102164,0,0.335
C102165,0,0.2595
C102166,1,0.8336
C102167,0,0.1303
C102168,1,0.7165
C102169,1,0.5456
C102170,0,0.4444
C102171,1,0.6089
C102172,0,0.4777
C102173,0,0.4924
C102174,1,0.7726
C102175,1,0.7168
C102176,1,0.647
C102177,1,0.5236
C102178,0,0.2565
C102179,1,0.5774
C102180,1,0.5663
C102181,1,0.6849
C102182,0,0.2874
C102183,0,0.3239
C102184,1,0.5071
C102185,0,0.2505
C102186,0,0.4489
C102187,1,0.5783
C102188,0,0.3421
C102189,1,0.611
C102190,1,0.5653
C102191,0,0.4264
C102192,0,0.277
C102193,0,0.3895
C102194,0,0.4441
C102195,0,0.4382
C102196,1,0.624
C102197,0,0.449
C102198,1,0.8053
C102199,0,0.4686
C102200,0,0.1417
C102201,0,0.3595
C102202,1,0.6208
C102203,0,0.4313
C102204,0,0.3448
C102205,0,0.205
C102206,0,0.1619
C102207,0,0.2371
C102208,0,0.3873
C102209,0,0.2211
C102210,1,0.7842
C102211,1,0.6343
C102212,0,0.3486
C102213,1,0.6886
C102214,0,0.2365
C102215,1,0.5879
C102216,1,0.5968
C102217,0,0.0914
C102218,1,0.6899
C102219,0,0.1976
C102220,1,0.5378
C102221,1,0.5231
C102222,0,0.0741
C102223,1,0.5974
C102224,1,0.5501
C102225,0,0.2895
C102226,1,0.6062
C102227,1,0.7221
C102228,1,0.5619
C102229,0,0.2626
C102230,1,0.7512
C102231,0,0.4642
C102232,0,0.2858
C102233,0,0.4809
C102234,0,0.2947
C102235,0,0.16
C102236,0,0.2786
C102237,1,0.5775
C102238,1,0.5525
C102239,1,0.6273
C102240,1,0.6452
C102241,0,0.1232
C102242,1,0.8243
C102243,1,0.5367
C102244,0,0.3564
C102245,1,0.6681
C102246,1,0.8738
C102247,1,0.6195
C102248,1,0.5542
C102249,0,0.4204
C102250,0,0.3361
C102251,0,0.2336
C102252,1,0.684
C102253,0,0.2238
C102254,0,0.4956
C102255,1,0.5452
C102256,0,0.4725
C102257,1,0.5004
C102258,1,0.5426
C102259,0,0.3161
C102260,0,0.2452
C102261,0,0.3712
C102262,0,0.2205
C102263,0,0.4795
C102264,0,0.4752
C102265,0,0.3003
C102266,0,0.1327
C102267,0,0.1338
C102268,1,0.912
C102269,0,0.3744
C102270,0,0.4973
C102271,1,0.6246
C102272,1,0.6051
C102273,0,0.49
C102274,0,0.2368
C102275,0,0.2678
C102276,0,0.2921
C102277,0,0.1833
C102278,1,0.6164
C102279,1,0.7764
C102280,0,0.3706
C102281,1,0.6201
C102282,1,0.5398
C102283,0,0.2602
C102284,0,0.3283
C102285,0,0.216
C102286,1,0.6195
C102287,1,0.8419
C102288,0,0.1034
C102289,0,0.3984
C102290,1,0.767
C102291,1,0.6506
C102292,1,0.5847
C102293,0,0.2114
C102294,1,0.6155
C102295,1,0.6118
C102296,0,0.1888
C102297,1,0.8451
C102298,0,0.2388
C102299,0,0.0894
C102300,1,0.529
C102301,0,0.4345
C102302,0,0.2157
C102303,0,0.4445
C102304,0,0.3301
C102305,1,0.7277
C102306,0,0.466
C102307,0,0.2155
C102308,1,0.7536
C102309,1,0.7549
C102310,0,0.3987
C102311,1,0.5454
C102312,1,0.6601
C102313,0,0.4254
C102314,1,0.5866
C102315,0,0.363
C102316,1,0.8123
C102317,0,0.2509
C102318,0,0.4277
C102319,0,0.2164
C102320,1,0.7231
C102321,0,0.1861
C102322,1,0.8465
C102323,1,0.8283
C102324,1,0.5721
C102325,0,0.3266
C102326,0,0.4503
C102327,1,0.7601
C102328,0,0.3932
C102329,1,0.6656
C102330,0,0.4051
C102331,1,0.5421
C102332,0,0.1801
C102333,0,0.1261
C102334,0,0.4553
C102335,1,0.624
C102336,1,0.6273
C102337,0,0.4641
C102338,0,0.408
C102339,0,0.3842
C102340,0,0.422
C102341,1,0.8201
C102342,0,0.3557
C102343,1,0.5877
C102344,1,0.5466
C102345,0,0.4719
C102346,1,0.8484
C102347,0,0.3382
C102348,0,0.2307
C102349,1,0.5202
C102350,0,0.3226
C102351,1,0.5458
C102352,1,0.6272
C102353,0,0.2998
C102354,1,0.7467
C102355,0,0.3959
C102356,1,0.6601
C102357,0,0.2878
C102358,1,0.5203
C102359,0,0.4052
C102360,1,0.521
C102361,0,0.4885
C102362,0,0.4222
C102363,1,0.6281
C102364,0,0.3683
C102365,0,0.3802
C102366,1,0.5194
C102367,0,0.4755
C102368,0,0.1866
C102369,0,0.2759
C102370,0,0.3065
C102371,0,0.4172
C102372,1,0.519
C102373,0,0.3913
C102374,1,0.6239
C102375,0,0.3247
C102376,0,0.3485
C102377,0,0.2391
C102378,0,0.4465
C102379,0,0.2371
C102380,0,0.4437
C102381,0,0.4105
C102382,0,0.4111
C102383,1,0.6336
C102384,0,0.3574
C102385,0,0.3005
C102386,0,0.1041
C102387,0,0.3231
C102388,0,0.3995
C102389,1,0.7185
C102390,0,0.3873
C102391,1,0.7703
C102392,1,0.5655
C102393,1,0.5696
C102394,1,0.5763
C102395,0,0.3291
C102396,1,0.5439
C102397,1,0.7876
C102398,1,0.6984
C102399,1,0.7661
C102400,0,0.3542
C102401,1,0.5134
C102402,0,0.1398
C102403,1,0.6491
C102404,0,0.264
C102405,1,0.6093
C102406,1,0.578
C102407,0,0.2431
C102408,0,0.4472
C102409,1,0.5401
C102410,0,0.4018
C102411,0,0.4704
C102412,1,0.5146
C102413,0,0.4475
C102414,0,0.4004
C102415,1,0.7824
C102416,0,0.2529
C102417,0,0.3341
C102418,0,0.1545
C102419,1,0.5291
C102420,0,0.2698
C102421,0,0.2178
C102422,0,0.375
C102423,1,0.8351
C102424,1,0.5418
C102425,0,0.1193
C102426,0,0.1873
C102427,0,0.1542
C102428,0,0.077
C102429,1,0.6938
C102430,1,0.6501
C102431,1,0.5528
C102432,1,0.6212
C102433,0,0.2482
C102434,0,0.1684
C102435,0,0.4443
C102436,1,0.7261
C102437,1,0.6623
C102438,0,0.2673
C102439,1,0.5879
C102440,0,0.402
C102441,0,0.4526
C102442,0,0.2686
C102443,0,0.451
C102444,0,0.3975
C102445,1,0.5365
C102446,0,0.415
C102447,0,0.3945
C102448,0,0.4147
C102449,1,0.65
C102450,1,0.547
C102451,0,0.2749
C102452,0,0.4766
C102453,0,0.4229
C102454,0,0.3023
C102455,0,0.3406
C102456,0,0.381
C102457,0,0.4794
C102458,0,0.227
C102459,0,0.0941
C102460,1,0.596
C102461,1,0.6759
C102462,0,0.3487
C102463,1,0.7543
C102464,0,0.0949
C102465,1,0.5398
C102466,1,0.8177
C102467,0,0.1818
C102468,1,0.6536
C102469,1,0.5339
C102470,1,0.8649
C102471,0,0.2437
C102472,0,0.4243
C102473,0,0.314
C102474,1,0.7412
C102475,1,0.8719
C102476,0,0.3935
C102477,0,0.3002
C102478,0,0.38
C102479,0,0.4106
C102480,1,0.7788
C102481,0,0.1709
C102482,1,0.5587
C102483,1,0.6639
C102484,1,0.6561
C102485,1,0.5513
C102486,0,0.334
C102487,0,0.3152
C102488,1,0.5782
C102489,0,0.3947
C102490,1,0.5603
C102491,0,0.2035
C102492,0,0.4144
C102493,0,0.2246
C102494,0,0.331
C102495,1,0.8606
C102496,0,0.3096
C102497,0,0.3371
C102498,0,0.4642
C102499,1,0.7725
C102500,0,0.3928
C102501,0,0.4192
C102502,0,0.4546
C102503,1,0.7074
C102504,0,0.2354
C102505,1,0.7214
C102506,0,0.4869
C102507,0,0.1957
C102508,0,0.3275
C102509,0,0.1138
C102510,0,0.2
C102511,0,0.3537
C102512,0,0.4968
C102513,0,0.2879
C102514,1,0.5424
C102515,0,0.1676
C102516,1,0.731
C102517,1,0.5533
C102518,0,0.4581
C102519,0,0.0744
C102520,0,0.3488
C102521,0,0.3068
C102522,0,0.1326
C102523,0,0.4258
C102524,0,0.2346
C102525,1,0.7501
C102526,1,0.7026
C102527,1,0.6469
C102528,1,0.7958
C102529,0,0.1423
C102530,1,0.5757
C102531,0,0.4262
C102532,0,0.3831
C102533,0,0.4627
C102534,0,0.4274
C102535,1,0.7149
C102536,0,0.4283
C102537,0,0.3152
C102538,0,0.4914
C102539,1,0.6927
C102540,0,0.4106
C102541,0,0.4549
C102542,0,0.3614
C102543,0,0.3424
C102544,0,0.4513
C102545,0,0.4004
C102546,1,0.8193
C102547,1,0.5182
C102548,0,0.1917
C102549,0,0.4344
C102550,0,0.492
C102551,0,0.1984
C102552,0,0.2289
C102553,0,0.4491
C102554,1,0.8058
C102555,0,0.3231
C102556,0,0.443
C102557,0,0.1021
C102558,1,0.6878
C102559,0,0.4949
C102560,0,0.4633
C102561,0,0.3398
C102562,0,0.3326
C102563,1,0.5851
C102564,1,0.5625
C102565,1,0.8084
C102566,0,0.462
C102567,0,0.1385
C102568,0,0.3385
C102569,0,0.3454
C102570,0,0.2527
C102571,0,0.2456
C102572,0,0.3109
C102573,0,0.4573
C102574,0,0.3153
C102575,0,0.0695
C102576,1,0.6473
C102577,0,0.1847
C102578,1,0.5787
C102579,0,0.4834
C102580,1,0.6201
C102581,0,0.495
C102582,0,0.1094
C102583,1,0.723
C102584,0,0.4486
C102585,1,0.6763
C102586,0,0.4959
C102587,0,0.1753
C102588,0,0.1677
C102589,1,0.5076
C102590,1,0.5521
C102591,0,0.4629
C102592,0,0.4958
C102593,1,0.5936
C102594,1,0.7202
C102595,0,0.3988
C102596,0,0.3899
C102597,0,0.4009
C102598,1,0.5043
C102599,0,0.117
C102600,0,0.4323
C102601,0,0.4724
C102602,0,0.3268
C102603,0,0.3629
C102604,0,0.4811
C102605,0,0.3484
C102606,0,0.2289
C102607,1,0.8158
C102608,1,0.5447
C102609,0,0.3235
C102610,0,0.1461
C102611,1,0.6965
C102612,1,0.6605
C102613,1,0.7604
C102614,1,0.6006
C102615,1,0.5504
C102616,0,0.3154
C102617,1,0.6872
C102618,1,0.6763
C102619,1,0.522
C102620,1,0.5148
C102621,1,0.5278
C102622,0,0.3338
C102623,1,0.5628
C102624,1,0.5204
C102625,1,0.5818
C102626,0,0.245
C102627,0,0.3138
C102628,0,0.2197
C102629,1,0.5737
C102630,0,0.2704
C102631,0,0.2785
C102632,1,0.5187
C102633,1,0.7812
C102634,1,0.646
C102635,1,0.6282
C102636,0,0.3253
C102637,0,0.4524
C102638,1,0.8168
C102639,1,0.5333
C102640,1,0.5315
C102641,1,0.7732
C102642,0,0.4318
C102643,0,0.2573
C102644,0,0.3803
C102645,0,0.493
C102646,1,0.8132
C102647,0,0.1988
C102648,0,0.4602
C102649,1,0.5519
C102650,0,0.4384
C102651,0,0.3657
C102652,1,0.8056
C102653,0,0.4087
C102654,0,0.3326
C102655,1,0.5253
C102656,1,0.7196
C102657,0,0.307
C102658,0,0.4919
C102659,0,0.4805
C102660,0,0.4733
C102661,0,0.3028
C102662,0,0.4696
C102663,1,0.6069
C102664,1,0.5638
C102665,1,0.613
C102666,0,0.3527
C102667,1,0.6062
C102668,0,0.4928
C102669,0,0.1732
C102670,0,0.3557
C102671,0,0.3499
C102672,1,0.6828
C102673,1,0.5942
C102674,1,0.5685
C102675,0,0.4881
C102676,0,0.2728
C102677,0,0.2062
C102678,0,0.2647
C102679,0,0.2219
C102680,0,0.1035
C102681,1,0.5894
C102682,0,0.4554
C102683,0,0.2103
C102684,0,0.368
C102685,1,0.5811
C102686,0,0.4673
C102687,1,0.6046
C102688,0,0.4213
C102689,1,0.7059
C102690,1,0.8027
C102691,0,0.4161
C102692,0,0.19
C102693,1,0.6256
C102694,1,0.8179
C102695,1,0.5133
C102696,1,0.6894
C102697,1,0.7506
C102698,0,0.2971
C102699,0,0.3769
C102700,0,0.3825
C102701,1,0.621
C102702,0,0.2981
C102703,1,0.6725
C102704,1,0.9243
C102705,1,0.6702
C102706,1,0.5696
C102707,0,0.1243
C102708,0,0.3319
C102709,1,0.607
C102710,1,0.7225
C102711,0,0.1733
C102712,0,0.2876
C102713,1,0.6704
C102714,0,0.4307
C102715,0,0.2791
C102716,0,0.4821
C102717,0,0.3552
C102718,1,0.7302
C102719,0,0.3288
C102720,0,0.3373
C102721,0,0.4071
C102722,0,0.4111
C102723,0,0.3965
C102724,0,0.3921
C102725,1,0.5946
C102726,0,0.1724
C102727,0,0.4765
C102728,1,0.6469
C102729,1,0.7703
C102730,0,0.4219
C102731,0,0.2846
C102732,0,0.2253
C102733,1,0.7851
C102734,1,0.6302
C102735,1,0.5325
C102736,0,0.19
C102737,1,0.5866
C102738,1,0.536
C102739,1,0.6317
C102740,1,0.5679
C102741,0,0.4626
C102742,0,0.2112
C102743,0,0.2643
C102744,0,0.4641
C102745,1,0.7606
C102746,0,0.4299
C102747,1,0.647
C102748,1,0.5991
C102749,0,0.1323
C102750,1,0.7255
C102751,0,0.2765
C102752,0,0.3423
C102753,1,0.6661
C102754,0,0.3097
C102755,0,0.4974
C102756,0,0.2135
C102757,1,0.7712
C102758,1,0.5643
C102759,0,0.4153
C102760,0,0.2686
C102761,1,0.5953
C102762,1,0.5477
C102763,1,0.6122
C102764,1,0.5589
C102765,1,0.6114
C102766,0,0.4671
C102767,0,0.3664
C102768,1,0.6905
C102769,1,0.5061
C102770,1,0.6195
C102771,0,0.3446
C102772,0,0.4083
C102773,0,0.3975
C102774,0,0.2242
C102775,1,0.7907
C102776,0,0.4851
C102777,0,0.4834
C102778,0,0.3723
C102779,1,0.5917
C102780,1,0.5542
C102781,0,0.4616
C102782,1,0.7215
C102783,0,0.4033
C102784,0,0.2532
C102785,1,0.7273
C102786,1,0.5193
C102787,0,0.3883
C102788,1,0.5856
C102789,1,0.799
C102790,1,0.6958
C102791,1,0.5315
C102792,0,0.3466
C102793,0,0.4955
C102794,0,0.4418
C102795,0,0.2812
C102796,0,0.2421
C102797,0,0.4345
C102798,1,0.553
C102799,1,0.5781
C102800,0,0.3996
C102801,0,0.494
C102802,1,0.5854
C102803,0,0.3733
C102804,1,0.6286
C102805,0,0.2861
C102806,0,0.2696
C102807,0,0.3087
C102808,0,0.362
C102809,0,0.4093
C102810,1,0.8021
C102811,0,0.3604
C102812,0,0.186
C102813,0,0.1526
C102814,0,0.3944
C102815,0,0.4513
C102816,0,0.228
C102817,0,0.342
C102818,0,0.394
C102819,0,0.1608
C102820,1,0.5212
C102821,0,0.4814
C102822,1,0.669
C102823,1,0.6695
C102824,1,0.6728
C102825,0,0.1118
C102826,0,0.1945
C102827,0,0.1259
C102828,0,0.3561
C102829,0,0.4865
C102830,0,0.4341
C102831,1,0.6761
C102832,0,0.3492
C102833,1,0.8762
C102834,1,0.6394
C102835,1,0.7082
C102836,0,0.474
C102837,1,0.7275
C102838,0,0.4085
C102839,0,0.4553
C102840,0,0.1176
C102841,0,0.3404
C102842,0,0.4477
C102843,1,0.6291
C102844,1,0.6589
C102845,0,0.1284
C102846,0,0.3882
C102847,1,0.8002
C102848,1,0.6286
C102849,0,0.3149
C102850,1,0.5312
C102851,0,0.3239
C102852,1,0.5678
C102853,1,0.6948
C102854,0,0.2315
C102855,0,0.3876
C102856,0,0.4514
C102857,1,0.8356
C102858,0,0.2896
C102859,0,0.4525
C102860,0,0.2982
C102861,1,0.6753
C102862,0,0.4746
C102863,1,0.7664
C102864,0,0.3458
C102865,1,0.6036
C102866,0,0.4195
C102867,0,0.4769
C102868,1,0.6386
C102869,0,0.3539
C102870,0,0.157
C102871,0,0.2387
C102872,0,0.2624
C102873,1,0.7458
C102874,1,0.7288
C102875,1,0.7987
C102876,0,0.3001
C102877,0,0.3644
C102878,1,0.5418
C102879,1,0.7615
C102880,1,0.5989
C102881,1,0.7736
C102882,0,0.4453
C102883,1,0.5164
C102884,1,0.7859
C102885,1,0.579
C102886,0,0.2174
C102887,0,0.3364
C102888,0,0.2781
C102889,0,0.3416
C102890,0,0.3781
C102891,0,0.2864
C102892,1,0.6842
C102893,0,0.3824
C102894,0,0.3769
C102895,0,0.3933
C102896,0,0.1749
C102897,0,0.1427
C102898,1,0.7083
C102899,1,0.5821
C102900,0,0.1267
C102901,1,0.5803
C102902,0,0.2406
C102903,0,0.4505
C102904,0,0.3633
C102905,0,0.2128
C102906,1,0.6019
C102907,1,0.5564
C102908,0,0.4481
C102909,0,0.4917
C102910,1,0.6192
C102911,1,0.6624
C102912,0,0.2112
C102913,1,0.5136
C102914,0,0.4277
C102915,0,0.4
C102916,0,0.2235
C102917,0,0.2501
C102918,1,0.615
C102919,0,0.3414
C102920,0,0.1208
C102921,1,0.5275
C102922,0,0.3787
C102923,0,0.2446
C102924,0,0.2269
C102925,1,0.6409
C102926,1,0.7116
C102927,0,0.4728
C102928,0,0.1631
C102929,0,0.2697
C102930,1,0.5098
C102931,0,0.285
C102932,0,0.3387
C102933,1,0.6536
C102934,0,0.2481
C102935,1,0.894
C102936,0,0.2383
C102937,1,0.6625
C102938,0,0.3311
C102939,0,0.2188
C102940,0,0.4806
C102941,0,0.415
C102942,1,0.794
C102943,1,0.7368
C102944,0,0.4461
C102945,0,0.4551
C102946,0,0.3305
C102947,0,0.3789
C102948,0,0.2439
C102949,0,0.2461
C102950,0,0.3303
C102951,1,0.609
C102952,0,0.3586
C102953,0,0.2533
C102954,0,0.2194
C102955,0,0.1465
C102956,0,0.372
C102957,1,0.6582
C102958,0,0.3284
C102959,0,0.4002
C102960,0,0.1714
C102961,0,0.3363
C102962,1,0.5395
C102963,0,0.2229
C102964,1,0.6525
C102965,1,0.6235
C102966,1,0.7605
C102967,1,0.712
C102968,0,0.4258
C102969,1,0.5508
C102970,1,0.6321
C102971,0,0.4519
C102972,1,0.5862
C102973,1,0.6865
C102974,0,0.3622
C102975,0,0.471
C102976,1,0.5766
C102977,0,0.3919
C102978,1,0.5551
C102979,0,0.359
C102980,1,0.5461
C102981,0,0.2236
C102982,0,0.3555
C102983,0,0.3517
C102984,1,0.8548
C102985,1,0.5889
C102986,1,0.5346
C102987,1,0.6574
C102988,0,0.4189
C102989,1,0.6096
C102990,1,0.5671
C102991,1,0.5912
C102992,1,0.7592
C102993,0,0.2314
C102994,0,0.1467
C102995,1,0.7025
C102996,0,0.3063
C102997,1,0.5135
C102998,1,0.6027
C102999,0,0.49
C103000,0,0.375
C103001,0,0.3592
C103002,1,0.6053
C103003,1,0.5033
C103004,0,0.4172
C103005,0,0.4941
C103006,1,0.7845
C103007,0,0.3791
C103008,1,0.8451
C103009,1,0.5212
C103010,1,0.6973
C103011,0,0.2723
C103012,0,0.4575
C103013,1,0.6518
C103014,0,0.3746
C103015,1,0.7451
C103016,1,0.5276
C103017,0,0.2942
C103018,1,0.5287
C103019,1,0.6365
C103020,0,0.367
C103021,0,0.219
C103022,0,0.254
C103023,1,0.8629
C103024,1,0.6008
C103025,0,0.3415
C103026,0,0.3872
C103027,0,0.4057
C103028,0,0.3928
C103029,1,0.7808
C103030,1,0.5867
C103031,0,0.3634
C103032,0,0.3776
C103033,1,0.8319
C103034,0,0.1217
C103035,1,0.6122
C103036,1,0.5475
C103037,0,0.4257
C103038,0,0.184
C103039,0,0.4984
C103040,1,0.7053
C103041,1,0.7165
C103042,1,0.5117
C103043,1,0.5125
C103044,0,0.3333
C103045,0,0.2589
C103046,1,0.5963
C103047,1,0.6324
C103048,0,0.1804
C103049,0,0.1947
C103050,0,0.4309
C103051,0,0.4764
C103052,1,0.5251
C103053,0,0.4015
C103054,1,0.6096
C103055,0,0.2431
C103056,0,0.2671
C103057,0,0.1858
C103058,0,0.2611
C103059,1,0.8259
C103060,0,0.1021
C103061,0,0.1953
C103062,1,0.692
C103063,1,0.5584
C103064,1,0.5202
C103065,0,0.3155
C103066,0,0.2333
C103067,1,0.5862
C103068,0,0.4165
C103069,0,0.3121
C103070,0,0.1099
C103071,0,0.3552
C103072,0,0.4211
C103073,0,0.3082
C103074,1,0.7021
C103075,0,0.2412
C103076,1,0.6729
C103077,0,0.478
C103078,1,0.786
C103079,0,0.1925
C103080,0,0.1018
C103081,1,0.6338
C103082,0,0.3739
C103083,0,0.2858
C103084,0,0.3506
C103085,1,0.7757
C103086,0,0.3333
C103087,1,0.6702
C103088,1,0.6765
C103089,1,0.5856
C103090,0,0.3962
C103091,1,0.5503
C103092,0,0.3972
C103093,1,0.5714
C103094,1,0.6384
C103095,0,0.2492
C103096,0,0.4904
C103097,1,0.6421
C103098,1,0.5944
C103099,1,0.5684
C103100,1,0.7626
C103101,0,0.4866
C103102,0,0.4039
C103103,1,0.6334
C103104,1,0.5118
C103105,1,0.8467
C103106,0,0.4049
C103107,0,0.4161
C103108,0,0.3129
C103109,1,0.7011
C103110,0,0.1362
C103111,0,0.4261
C103112,0,0.2722
C103113,0,0.2871
C103114,0,0.3805
C103115,0,0.31
C103116,0,0.3443
C103117,0,0.1857
C103118,0,0.1947
C103119,1,0.6241
C103120,0,0.435
C103121,1,0.7134
C103122,0,0.221
C103123,1,0.6703
C103124,0,0.3147
C103125,1,0.6891
C103126,0,0.2036
C103127,1,0.6444
C103128,1,0.5149
C103129,0,0.2867
C103130,0,0.3632
C103131,0,0.2889
C103132,1,0.6713
C103133,0,0.4103
C103134,0,0.2413
C103135,0,0.3918
C103136,1,0.6541
C103137,1,0.7549
C103138,0,0.3078
C103139,0,0.32
C103140,1,0.5617
C103141,0,0.1492
C103142,1,0.5911
C103143,0,0.3814
C103144,1,0.6811
C103145,1,0.535
C103146,0,0.3233
C103147,0,0.4702
C103148,0,0.0938
C103149,1,0.5214
C103150,0,0.326
C103151,1,0.7682
C103152,0,0.4316
C103153,1,0.6081
C103154,0,0.1894
C103155,0,0.431
C103156,0,0.4765
C103157,0,0.1436
C103158,1,0.6238
C103159,0,0.4753
C103160,0,0.1951
C103161,1,0.5417
C103162,0,0.3684
C103163,0,0.2997
C103164,0,0.3288
C103165,1,0.5767
C103166,0,0.454
C103167,1,0.5075
C103168,1,0.5211
C103169,1,0.8627
C103170,0,0.4034
C103171,1,0.692
C103172,1,0.5811
C103173,1,0.723
C103174,0,0.3879
C103175,1,0.6499
C103176,0,0.4378
C103177,0,0.347
C103178,1,0.6625
C103179,1,0.6006
C103180,0,0.4465
C103181,1,0.78
C103182,0,0.4403
C103183,0,0.3698
C103184,0,0.4463
C103185,0,0.3504
C103186,1,0.5895
C103187,1,0.6652
C103188,1,0.5414
C103189,0,0.3205
C103190,1,0.6486
C103191,1,0.6168
C103192,1,0.676
C103193,1,0.811
C103194,1,0.5509
C103195,1,0.7171
C103196,1,0.5222
C103197,1,0.5864
C103198,1,0.6522
C103199,0,0.1654
C103200,0,0.1071
C103201,1,0.528
C103202,1,0.5695
C103203,1,0.5229
C103204,0,0.3129
C103205,0,0.3758
C103206,1,0.564
C103207,1,0.7421
C103208,0,0.106
C103209,1,0.5283
C103210,0,0.3071
C103211,1,0.7042
C103212,1,0.7727
C103213,1,0.5437
C103214,0,0.4581
C103215,1,0.751
C103216,0,0.4108
C103217,0,0.3825
C103218,0,0.3785
C103219,0,0.4562
C103220,0,0.4264
C103221,1,0.6387
C103222,0,0.452
C103223,1,0.5334
C103224,0,0.084
C103225,0,0.3432
C103226,1,0.79
C103227,0,0.3497
C103228,0,0.197
C103229,1,0.5415
C103230,0,0.4504
C103231,1,0.7478
C103232,0,0.2804
C103233,0,0.1786
C103234,1,0.6968
C103235,1,0.6068
C103236,0,0.1722
C103237,0,0.4738
C103238,1,0.7307
C103239,0,0.334
C103240,1,0.7729
C103241,0,0.467
C103242,1,0.7234
C103243,0,0.4715
C103244,0,0.3529
C103245,1,0.5637
C103246,0,0.2981
C103247,0,0.3659
C103248,0,0.4526
C103249,0,0.4502
C103250,0,0.2358
C103251,0,0.22
C103252,1,0.7881
C103253,0,0.4378
C103254,0,0.3119
C103255,1,0.7758
C103256,1,0.6684
C103257,1,0.702
C103258,1,0.659
C103259,0,0.2189
C103260,0,0.3334
C103261,0,0.3982
C103262,0,0.1614
C103263,1,0.733
C103264,0,0.4772
C103265,1,0.5382
C103266,1,0.5392
C103267,0,0.2641
C103268,1,0.5833
C103269,0,0.4199
C103270,0,0.4372
C103271,1,0.7743
C103272,0,0.4818
C103273,0,0.2338
C103274,0,0.3409
C103275,0,0.1683
C103276,1,0.5344
C103277,1,0.654
C103278,0,0.0794
C103279,0,0.3812
C103280,0,0.1459
C103281,1,0.5578
C103282,0,0.236
C103283,0,0.4475
C103284,1,0.5952
C103285,1,0.5764
C103286,1,0.5301
C103287,1,0.7002
C103288,0,0.301
C103289,1,0.6129
C103290,0,0.4554
C103291,1,0.5238
C103292,0,0.2353
C103293,1,0.5355
C103294,0,0.3115
C103295,0,0.3247
C103296,0,0.3968
C103297,1,0.628
C103298,1,0.7577
C103299,0,0.4562
C103300,1,0.7598
C103301,1,0.5731
C103302,0,0.1525
C103303,1,0.7239
C103304,1,0.6451
C103305,0,0.3261
C103306,1,0.6052
C103307,0,0.3971
C103308,1,0.575
C103309,0,0.2295
C103310,0,0.1698
C103311,0,0.3001
C103312,0,0.2906
C103313,1,0.8606
C103314,0,0.2619
C103315,0,0.2907
C103316,0,0.409
C103317,1,0.5508
C103318,0,0.2846
C103319,1,0.5686
C103320,0,0.2663
C103321,1,0.691
C103322,0,0.3922
C103323,1,0.6567
C103324,0,0.3423
C103325,0,0.3622
C103326,1,0.5596
C103327,1,0.6143
C103328,1,0.6923
C103329,1,0.8254
C103330,0,0.2228
C103331,0,0.4166
C103332,1,0.5925
C103333,0,0.4615
C103334,0,0.2287
C103335,0,0.4421
C103336,1,0.6591
C103337,0,0.1544
C103338,0,0.4419
C103339,0,0.4159
C103340,1,0.6363
C103341,0,0.2308
C103342,0,0.3916
C103343,0,0.1621
C103344,0,0.3035
C103345,1,0.5173
C103346,1,0.5646
C103347,0,0.274
C103348,0,0.4921
C103349,1,0.5418
C103350,1,0.8951
C103351,1,0.6914
C103352,0,0.4678
C103353,1,0.7743
C103354,0,0.3519
C103355,1,0.8371
C103356,0,0.1419
C103357,0,0.4621
C103358,0,0.1884
C103359,0,0.3229
C103360,0,0.3746
C103361,0,0.3971
C103362,1,0.6734
C103363,0,0.494
C103364,0,0.4023
C103365,1,0.6797
C103366,1,0.801
C103367,1,0.6969
C103368,0,0.3481
C103369,1,0.7736
C103370,0,0.3268
C103371,0,0.2141
C103372,0,0.1615
C103373,1,0.5637
C103374,0,0.4328
C103375,0,0.3411
C103376,1,0.7101
C103377,1,0.845
C103378,0,0.3491
C103379,0,0.3315
C103380,1,0.5116
C103381,0,0.2964
C103382,0,0.3867
C103383,1,0.5244
C103384,1,0.7817
C103385,0,0.203
C103386,0,0.3235
C103387,1,0.5067
C103388,0,0.1497
C103389,0,0.4765
C103390,1,0.6705
C103391,1,0.7635
C103392,0,0.3596
C103393,0,0.3794
C103394,1,0.8017
C103395,0,0.1848
C103396,1,0.547
C103397,0,0.406
C103398,0,0.378
C103399,0,0.4628
C103400,0,0.0832
C103401,0,0.2352
C103402,1,0.7288
C103403,0,0.3718
C103404,0,0.3851
C103405,1,0.5064
C103406,1,0.6958
C103407,1,0.5634
C103408,1,0.602
C103409,0,0.4916
C103410,1,0.6844
C103411,1,0.7232
C103412,1,0.7408
C103413,1,0.588
C103414,0,0.2623
C103415,0,0.4398
C103416,1,0.6172
C103417,1,0.8156
C103418,1,0.7049
C103419,0,0.4403
C103420,1,0.6713
C103421,0,0.3353
C103422,0,0.3237
C103423,0,0.3635
C103424,1,0.6241
C103425,0,0.2891
C103426,0,0.3246
C103427,0,0.3501
C103428,1,0.5073
C103429,0,0.4103
C103430,1,0.5974
C103431,1,0.7428
C103432,1,0.6794
C103433,0,0.3608
C103434,1,0.7271
C103435,1,0.6824
C103436,0,0.3638
C103437,0,0.2917
C103438,0,0.4028
C103439,1,0.6909
C103440,0,0.0974
C103441,0,0.3795
C103442,0,0.402
C103443,1,0.7871
C103444,1,0.7986
C103445,0,0.3688
C103446,1,0.7974
C103447,1,0.6564
C103448,0,0.2502
C103449,1,0.6318
C103450,1,0.5372
C103451,0,0.3597
C103452,0,0.1005
C103453,0,0.3225
C103454,1,0.7645
C103455,0,0.347
C103456,0,0.4486
C103457,1,0.5803
C103458,0,0.3813
C103459,1,0.5389
C103460,0,0.4042
C103461,0,0.3457
C103462,0,0.4132
C103463,0,0.267
C103464,1,0.6975
C103465,1,0.6968
C103466,0,0.1743
C103467,0,0.3397
C103468,1,0.7553
C103469,1,0.7519
C103470,0,0.1646
C103471,0,0.4297
C103472,1,0.5115
C103473,0,0.4684
C103474,0,0.1447
C103475,0,0.2009
C103476,0,0.4437
C103477,0,0.4512
C103478,0,0.3585
C103479,1,0.7312
C103480,0,0.4311
C103481,1,0.7496
C103482,0,0.4066
C103483,1,0.8224
C103484,1,0.5691
C103485,1,0.5659
C103486,1,0.5124
C103487,0,0.4637
C103488,0,0.2739
C103489,1,0.7436
C103490,0,0.2253
C103491,0,0.461
C103492,1,0.5992
C103493,1,0.6864
C103494,0,0.0987
C103495,0,0.2914
C103496,0,0.2511
C103497,0,0.368
C103498,1,0.5563
C103499,1,0.8601
C103500,1,0.5495
C103501,0,0.1758
C103502,0,0.2419
C103503,1,0.6074
C103504,1,0.5806
C103505,1,0.5535
C103506,1,0.5919
C103507,0,0.154
C103508,0,0.2727
C103509,1,0.7571
C103510,0,0.4211
C103511,0,0.3898
C103512,1,0.7244
C103513,0,0.3653
C103514,1,0.5119
C103515,0,0.41
C103516,0,0.3377
C103517,1,0.7335
C103518,0,0.3524
C103519,1,0.752
C103520,1,0.8693
C103521,0,0.4956
C103522,1,0.7946
C103523,1,0.7602
C103524,0,0.3688
C103525,0,0.3416
C103526,0,0.1571
C103527,1,0.5648
C103528,1,0.6262
C103529,0,0.4288
C103530,1,0.8457
C103531,0,0.1466
C103532,1,0.5113
C103533,0,0.3687
C103534,0,0.425
C103535,1,0.6441
C103536,0,0.375
C103537,0,0.1619
C103538,1,0.622
C103539,0,0.4011
C103540,1,0.6001
C103541,0,0.4783
C103542,1,0.6219
C103543,0,0.3684
C103544,0,0.3987
C103545,0,0.3752
C103546,1,0.7788
C103547,0,0.4907
C103548,1,0.7823
C103549,1,0.665
C103550,1,0.5447
C103551,0,0.0704
C103552,0,0.1784
C103553,1,0.5341
C103554,0,0.1205
C103555,1,0.5637
C103556,0,0.4386
C103557,1,0.6749
C103558,0,0.4368
C103559,0,0.2428
C103560,0,0.099
C103561,0,0.4002
C103562,1,0.5075
C103563,0,0.2098
C103564,0,0.4718
C103565,0,0.272
C103566,0,0.1257
C103567,1,0.8398
C103568,1,0.5914
C103569,0,0.2275
C103570,1,0.5752
C103571,1,0.7822
C103572,1,0.6668
C103573,0,0.497
C103574,0,0.2155
C103575,1,0.5479
C103576,1,0.8843
C103577,1,0.5855
C103578,1,0.7437
C103579,0,0.4823
C103580,1,0.5567
C103581,1,0.6309
C103582,1,0.7404
C103583,1,0.6902
C103584,0,0.315
C103585,0,0.3635
C103586,0,0.384
C103587,1,0.8422
C103588,0,0.2973
C103589,1,0.6766
C103590,1,0.63
C103591,0,0.1627
C103592,1,0.7984
C103593,1,0.8015
C103594,1,0.5934
C103595,0,0.1901
C103596,1,0.7508
C103597,0,0.2317
C103598,1,0.612
C103599,1,0.6294
C103600,1,0.6208
C103601,1,0.5271
C103602,1,0.6535
C103603,1,0.614
C103604,0,0.4773
C103605,1,0.6449
C103606,0,0.352
C103607,0,0.3426
C103608,0,0.1268
C103609,0,0.3714
C103610,1,0.7563
C103611,1,0.6066
C103612,1,0.54
C103613,0,0.4418
C103614,0,0.2424
C103615,0,0.4452
C103616,0,0.2589
C103617,1,0.5198
C103618,0,0.4026
C103619,0,0.3888
C103620,0,0.4195
C103621,1,0.6894
C103622,1,0.8297
C103623,1,0.5311
C103624,0,0.185
C103625,0,0.2798
C103626,1,0.5924
C103627,0,0.478
C103628,1,0.535
C103629,1,0.6052
C103630,0,0.2995
C103631,0,0.1362
C103632,1,0.5921
C103633,1,0.545
C103634,0,0.3281
C103635,0,0.4729
C103636,0,0.2682
C103637,0,0.1561
C103638,1,0.6222
C103639,1,0.6194
C103640,0,0.4233
C103641,0,0.0648
C103642,0,0.4895
C103643,1,0.8287
C103644,0,0.2844
C103645,1,0.5422
C103646,0,0.4915
C103647,0,0.3981
C103648,0,0.3199
C103649,0,0.1735
C103650,1,0.7869
C103651,1,0.5613
C103652,1,0.7372
C103653,1,0.5402
C103654,1,0.7612
C103655,0,0.4515
C103656,0,0.3367
C103657,0,0.4048
C103658,0,0.1345
C103659,1,0.7909
C103660,1,0.7783
C103661,1,0.7778
C103662,1,0.6114
C103663,1,0.5252
C103664,0,0.4365
C103665,1,0.5147
C103666,1,0.5443
C103667,0,0.3509
C103668,0,0.2029
C103669,0,0.2021
C103670,1,0.5407
C103671,1,0.7189
C103672,0,0.3706
C103673,0,0.1479
C103674,0,0.1601
C103675,0,0.1027
C103676,0,0.2491
C103677,1,0.5902
C103678,0,0.3521
C103679,1,0.5277
C103680,0,0.3175
C103681,0,0.1328
C103682,0,0.2652
C103683,0,0.4525
C103684,0,0.3854
C103685,0,0.3266
C103686,0,0.3787
C103687,1,0.5676
C103688,1,0.5419
C103689,0,0.2704
C103690,0,0.1356
C103691,1,0.82
C103692,1,0.7637
C103693,0,0.4469
C103694,0,0.4758
C103695,0,0.3749
C103696,1,0.7282
C103697,1,0.547
C103698,0,0.4455
C103699,1,0.7721
C103700,0,0.3417
C103701,0,0.3871
C103702,0,0.4314
C103703,1,0.561
C103704,0,0.3981
C103705,1,0.8173
C103706,1,0.6092
C103707,0,0.2936
C103708,1,0.9057
C103709,1,0.7355
C103710,1,0.6646
C103711,0,0.2293
C103712,0,0.397
C103713,0,0.1643
C103714,0,0.2418
C103715,0,0.3192
C103716,1,0.6544
C103717,0,0.118
C103718,1,0.6264
C103719,0,0.3121
C103720,1,0.7389
C103721,1,0.6329
C103722,0,0.3236
C103723,0,0.2624
C103724,1,0.6626
C103725,1,0.7013
C103726,1,0.7419
C103727,1,0.7677
C103728,0,0.4504
C103729,0,0.226
C103730,1,0.5833
C103731,0,0.083
C103732,1,0.5481
C103733,0,0.3706
C103734,1,0.6369
C103735,0,0.3252
C103736,0,0.4341
C103737,0,0.1921
C103738,0,0.3192
C103739,1,0.811
C103740,0,0.2366
C103741,0,0.4165
C103742,0,0.1853
C103743,0,0.3028
C103744,1,0.7131
C103745,1,0.5707
C103746,1,0.5725
C103747,1,0.6036
C103748,0,0.3522
C103749,0,0.2347
C103750,0,0.3006
C103751,1,0.5243
C103752,1,0.7996
C103753,0,0.4615
C103754,0,0.2756
C103755,1,0.7097
C103756,0,0.2853
C103757,0,0.3066
C103758,0,0.1999
C103759,1,0.8241
C103760,0,0.3661
C103761,0,0.3846
C103762,1,0.637
C103763,0,0.4504
C103764,0,0.4474
C103765,1,0.5059
C103766,0,0.3663
C103767,1,0.54
C103768,1,0.5331
C103769,0,0.4072
C103770,0,0.194
C103771,1,0.5346
C103772,1,0.745
C103773,1,0.5059
C103774,0,0.3312
C103775,1,0.7815
C103776,1,0.5802
C103777,1,0.7675
C103778,0,0.0624
C103779,1,0.5968
C103780,0,0.1303
C103781,1,0.7188
C103782,0,0.2029
C103783,0,0.3025
C103784,1,0.5034
C103785,1,0.6179
C103786,0,0.2354
C103787,1,0.5129
C103788,0,0.0944
C103789,1,0.641
C103790,0,0.4073
C103791,0,0.238
C103792,1,0.8228
C103793,0,0.2426
C103794,0,0.2456
C103795,1,0.5908
C103796,1,0.5873
C103797,1,0.5372
C103798,1,0.7453
C103799,0,0.2188
C103800,1,0.8639
C103801,1,0.5335
C103802,0,0.3082
C103803,0,0.4345
C103804,0,0.2388
C103805,0,0.393
C103806,1,0.7466
C103807,1,0.6055
C103808,1,0.8651
C103809,0,0.4629
C103810,1,0.6554
C103811,1,0.7027
C103812,1,0.7499
C103813,0,0.3479
C103814,1,0.5883
C103815,0,0.4806
C103816,1,0.5431
C103817,0,0.3668
C103818,1,0.5173
C103819,1,0.6961
C103820,1,0.8297
C103821,1,0.7448
C103822,0,0.4717
C103823,0,0.4055
C103824,1,0.6903
C103825,0,0.2133
C103826,0,0.3328
C103827,1,0.7002
C103828,1,0.6253
C103829,0,0.3814
C103830,0,0.3348
C103831,0,0.2784
C103832,0,0.2112
C103833,1,0.5891
C103834,0,0.2876
C103835,0,0.4831
C103836,1,0.6225
C103837,0,0.2238
C103838,1,0.6142
C103839,0,0.3302
C103840,1,0.8228
C103841,1,0.6661
C103842,0,0.4139
C103843,0,0.4505
C103844,1,0.5499
C103845,1,0.8048
C103846,0,0.2002
C103847,1,0.7799
C103848,0,0.3383
C103849,1,0.6027
C103850,1,0.6744
C103851,1,0.8691
C103852,1,0.7123
C103853,1,0.5678
C103854,1,0.6012
C103855,1,0.6618
C103856,1,0.6832
C103857,0,0.347
C103858,0,0.3472
C103859,1,0.6745
C103860,0,0.2522
C103861,0,0.2172
C103862,0,0.2827
C103863,1,0.5513
C103864,1,0.7962
C103865,1,0.7598
C103866,0,0.4686
C103867,0,0.4536
C103868,1,0.7941
C103869,0,0.1935
C103870,1,0.6687
C103871,0,0.4443
C103872,0,0.3517
C103873,1,0.5285
C103874,0,0.4704
C103875,1,0.5394
C103876,1,0.5637
C103877,0,0.4401
C103878,0,0.4271
C103879,0,0.3341
C103880,0,0.3378
C103881,1,0.7884
C103882,0,0.3769
C103883,0,0.3459
C103884,0,0.4609
C103885,0,0.4937
C103886,0,0.1245
C103887,0,0.4774
C103888,1,0.6192
C103889,0,0.075
C103890,1,0.7148
C103891,1,0.7234
C103892,0,0.0923
C103893,1,0.5079
C103894,0,0.4568
C103895,0,0.0985
C103896,0,0.064
C103897,0,0.1901
C103898,1,0.6573
C103899,0,0.2772
C103900,1,0.6785
C103901,1,0.5451
C103902,1,0.5658
C103903,0,0.4202
C103904,0,0.486
C103905,0,0.2454
C103906,1,0.5078
C103907,0,0.4164
C103908,1,0.6805
C103909,1,0.6766
C103910,1,0.5659
C103911,1,0.712
C103912,1,0.599
C103913,0,0.3326
C103914,0,0.4184
C103915,0,0.1464
C103916,0,0.1257
C103917,0,0.1213
C103918,0,0.2973
C103919,1,0.6921
C103920,1,0.5298
C103921,1,0.6646
C103922,0,0.1367
C103923,1,0.5819
C103924,0,0.4341
C103925,1,0.7964
C103926,0,0.164
C103927,0,0.2379
C103928,1,0.6266
C103929,1,0.534
C103930,0,0.3736
C103931,1,0.6057
C103932,0,0.3213
C103933,0,0.4593
C103934,1,0.7428
C103935,0,0.3263
C103936,1,0.5183
C103937,0,0.4519
C103938,0,0.1301
C103939,0,0.2216
C103940,1,0.5447
C103941,1,0.5423
C103942,1,0.7818
C103943,0,0.4928
C103944,0,0.4405
C103945,0,0.1647
C103946,1,0.5788
C103947,1,0.7427
C103948,1,0.7063
C103949,1,0.5138
C103950,0,0.0866
C103951,0,0.3107
C103952,0,0.4475
C103953,1,0.6405
C103954,0,0.3945
C103955,1,0.8194
C103956,0,0.2598
C103957,0,0.497
C103958,0,0.3305
C103959,0,0.2398
C103960,0,0.3729
C103961,1,0.8041
C103962,0,0.473
C103963,1,0.6151
C103964,1,0.5868
C103965,1,0.5433
C103966,0,0.4971
C103967,0,0.2607
C103968,0,0.3291
C103969,1,0.6552
C103970,0,0.3632
C103971,0,0.2967
C103972,1,0.5143
C103973,1,0.6785
C103974,1,0.6545
C103975,1,0.587
C103976,1,0.7381
C103977,1,0.5507
C103978,0,0.2513
C103979,0,0.1106
C103980,0,0.3741
C103981,1,0.5565
C103982,0,0.2517
C103983,0,0.3832
C103984,1,0.5215
C103985,0,0.4169
C103986,1,0.5168
C103987,0,0.2256
C103988,0,0.2374
C103989,1,0.5415
C103990,1,0.593
C103991,1,0.7569
C103992,1,0.5286
C103993,1,0.8687
C103994,1,0.5281
C103995,1,0.6136
C103996,1,0.6004
C103997,1,0.6659
C103998,1,0.568
C103999,0,0.291
C104000,1,0.8158
C104001,0,0.4271
C104002,0,0.4456
C104003,1,0.6363
C104004,0,0.2054
C104005,0,0.2454
C104006,0,0.3577
C104007,0,0.4884
C104008,1,0.6292
C104009,0,0.4375
C104010,0,0.4829
C104011,0,0.2241
C104012,1,0.5587
C104013,0,0.4815
C104014,0,0.1883
C104015,1,0.6855
C104016,0,0.4661
C104017,1,0.7891
C104018,1,0.7079
C104019,1,0.614
C104020,1,0.6802
C104021,0,0.3832
C104022,0,0.282
C104023,1,0.7488
C104024,1,0.6926
C104025,0,0.3354
C104026,1,0.7201
C104027,1,0.548
C104028,0,0.3272
C104029,0,0.4161
C104030,0,0.4046
C104031,1,0.5805
C104032,0,0.4464
C104033,0,0.4503
C104034,0,0.2174
C104035,0,0.4771
C104036,1,0.5073
C104037,1,0.6658
C104038,1,0.56
C104039,0,0.092
C104040,0,0.4276
C104041,1,0.6771
C104042,1,0.6783
C104043,1,0.6754
C104044,0,0.4301
C104045,0,0.1824
C104046,0,0.3446
C104047,1,0.8385
C104048,0,0.082
C104049,0,0.1941
C104050,1,0.6851
C104051,1,0.6654
C104052,0,0.4216
C104053,0,0.423
C104054,0,0.2656
C104055,0,0.4909
C104056,0,0.2676
C104057,0,0.1485
C104058,0,0.4913
C104059,0,0.2301
C104060,1,0.5514
C104061,1,0.6384
C104062,1,0.5774
C104063,1,0.626
C104064,1,0.5184
C104065,1,0.7642
C104066,0,0.0836
C104067,0,0.1518
C104068,0,0.3022
C104069,0,0.4623
C104070,1,0.8144
C104071,0,0.3875
C104072,0,0.2936
C104073,1,0.62
C104074,0,0.4706
C104075,1,0.5922
C104076,1,0.5402
C104077,1,0.8629
C104078,1,0.6838
C104079,1,0.5966
C104080,0,0.4231
C104081,0,0.2527
C104082,0,0.2834
C104083,0,0.3598
C104084,1,0.71
C104085,0,0.3516
C104086,0,0.3206
C104087,0,0.2786
C104088,0,0.3216
C104089,0,0.4507
C104090,1,0.5885
C104091,0,0.4423
C104092,1,0.5361
C104093,1,0.7505
C104094,1,0.5176
C104095,1,0.8227
C104096,0,0.4265
C104097,1,0.6402
C104098,0,0.2898
C104099,0,0.1292
C104100,1,0.6199
C104101,0,0.4924
C104102,1,0.5082
C104103,0,0.3064
C104104,0,0.3554
C104105,1,0.6798
C104106,0,0.4073
C104107,1,0.5278
C104108,0,0.2664
C104109,1,0.5063
C104110,0,0.3896
C104111,0,0.4861
C104112,1,0.8435
C104113,1,0.5411
C104114,1,0.5479
C104115,0,0.2882
C104116,0,0.2539
C104117,0,0.2935
C104118,1,0.7663
C104119,0,0.4568
C104120,1,0.6454
C104121,0,0.304
C104122,0,0.3594
C104123,0,0.4176
C104124,1,0.5206
C104125,1,0.7986
C104126,0,0.3945
C104127,1,0.6292
C104128,1,0.6775
C104129,1,0.7287
C104130,1,0.5548
C104131,0,0.2139
C104132,0,0.1596
C104133,0,0.1689
C104134,1,0.5783
C104135,0,0.3948
C104136,1,0.642
C104137,0,0.3676
C104138,1,0.5491
C104139,1,0.758
C104140,0,0.1572
C104141,0,0.3801
C104142,1,0.5796
C104143,1,0.8239
C104144,1,0.8037
C104145,1,0.5192
C104146,0,0.3962
C104147,0,0.2138
C104148,0,0.1204
C104149,1,0.5613
C104150,1,0.5944
C104151,0,0.4883
C104152,0,0.4235
C104153,0,0.494
C104154,0,0.2371
C104155,0,0.2672
C104156,1,0.5479
C104157,1,0.6088
C104158,0,0.1288
C104159,0,0.4722
C104160,0,0.4717
C104161,0,0.2507
C104162,1,0.5483
C104163,1,0.5017
C104164,0,0.4329
C104165,0,0.3712
C104166,1,0.6678
C104167,0,0.2206
C104168,1,0.8593
C104169,0,0.3296
C104170,0,0.182
C104171,0,0.3338
C104172,0,0.2731
C104173,1,0.5328
C104174,0,0.3057
C104175,1,0.7999
C104176,0,0.4641
C104177,0,0.3804
C104178,0,0.2738
C104179,0,0.4134
C104180,1,0.5633
C104181,0,0.1689
C104182,1,0.708
C104183,0,0.4004
C104184,0,0.2411
C104185,1,0.534
C104186,0,0.3237
C104187,0,0.3679
C104188,0,0.2996
C104189,1,0.5023
C104190,0,0.2798
C104191,0,0.2875
C104192,1,0.7861
C104193,0,0.3145
C104194,0,0.4645
C104195,0,0.3004
C104196,0,0.3903
C104197,0,0.4945
C104198,1,0.613
C104199,0,0.4658
C104200,1,0.5925
C104201,0,0.3394
C104202,0,0.3776
C104203,0,0.4801
C104204,1,0.7688
C104205,0,0.175
C104206,1,0.8379
C104207,0,0.3455
C104208,0,0.3583
C104209,1,0.5377
C104210,0,0.311
C104211,0,0.3427
C104212,1,0.5463
C104213,0,0.2303
C104214,0,0.489
C104215,0,0.4667
C104216,0,0.4688
C104217,0,0.2848
C104218,1,0.8863
C104219,0,0.4473
C104220,0,0.1775
C104221,1,0.5066
C104222,0,0.1808
C104223,0,0.466
C104224,1,0.6684
C104225,0,0.1704
C104226,0,0.2685
C104227,0,0.1937
C104228,0,0.3998
C104229,1,0.5966
C104230,0,0.4592
C104231,0,0.4858
C104232,1,0.5247
C104233,1,0.8432
C104234,1,0.6637
C104235,0,0.2408
C104236,1,0.7602
C104237,0,0.2665
C104238,0,0.4591
C104239,1,0.5419
C104240,1,0.7892
C104241,0,0.3597
C104242,0,0.487
C104243,0,0.399
C104244,0,0.1925
C104245,1,0.633
C104246,1,0.6409
C104247,0,0.4272
C104248,0,0.2756
C104249,1,0.5765
C104250,1,0.6669
C104251,1,0.7704
C104252,0,0.3685
C104253,0,0.4202
C104254,0,0.4097
C104255,0,0.0901
C104256,0,0.4263
C104257,0,0.3313
C104258,1,0.6687
C104259,0,0.2399
C104260,0,0.2198
C104261,0,0.3983
C104262,1,0.5033
C104263,1,0.6866
C104264,1,0.6777
C104265,0,0.2951
C104266,1,0.543
C104267,0,0.4298
C104268,0,0.355
C104269,1,0.5827
C104270,0,0.4487
C104271,0,0.2417
C104272,0,0.3998
C104273,0,0.3282
C104274,1,0.583
C104275,1,0.5994
C104276,0,0.4387
C104277,1,0.5768
C104278,0,0.3288
C104279,0,0.4141
C104280,1,0.5473
C104281,1,0.676
C104282,0,0.1849
C104283,1,0.8852
C104284,0,0.2808
C104285,0,0.2051
C104286,0,0.3079
C104287,0,0.3083
C104288,0,0.4518
C104289,1,0.5434
C104290,0,0.1783
C104291,1,0.7098
C104292,1,0.6785
C104293,1,0.6864
C104294,0,0.4768
C104295,1,0.7336
C104296,1,0.5054
C104297,1,0.5572
C104298,0,0.1736
C104299,1,0.5687
C104300,1,0.6836
C104301,1,0.6972
C104302,0,0.4549
C104303,0,0.331
C104304,1,0.5702
C104305,1,0.6593
C104306,1,0.6645
C104307,1,0.5961
C104308,0,0.4745
C104309,1,0.8175
C104310,1,0.7585
C104311,0,0.3509
C104312,0,0.1423
C104313,0,0.2209
C104314,0,0.3065
C104315,0,0.344
C104316,0,0.4906
C104317,0,0.4129
C104318,0,0.4687
C104319,1,0.7744
C104320,1,0.5688
C104321,0,0.4971
C104322,0,0.2259
C104323,1,0.5462
C104324,0,0.4563
C104325,0,0.1902
C104326,1,0.6358
C104327,0,0.2585
C104328,1,0.5497
C104329,0,0.2497
C104330,1,0.6909
C104331,1,0.6564
C104332,0,0.3541
C104333,0,0.3299
C104334,1,0.7571
C104335,1,0.5726
C104336,0,0.1446
C104337,1,0.6268
C104338,0,0.1549
C104339,0,0.4882
C104340,1,0.5007
C104341,1,0.7809
C104342,0,0.3183
C104343,0,0.2752
C104344,0,0.3458
C104345,0,0.4224
C104346,1,0.6383
C104347,1,0.7221
C104348,0,0.2879
C104349,0,0.4767
C104350,0,0.3267
C104351,1,0.8868
C104352,0,0.2336
C104353,1,0.7547
C104354,0,0.2323
C104355,1,0.5373
C104356,1,0.8431
C104357,0,0.3521
C104358,1,0.5757
C104359,0,0.4277
C104360,1,0.6633
C104361,0,0.4125
C104362,0,0.3893
C104363,1,0.6534
C104364,1,0.5942
C104365,1,0.6931
C104366,1,0.6008
C104367,1,0.6349
C104368,1,0.7498
C104369,0,0.3726
C104370,0,0.3642
C104371,1,0.6237
C104372,1,0.8607
C104373,0,0.3963
C104374,0,0.4712
C104375,1,0.6533
C104376,1,0.9177
C104377,0,0.1161
C104378,0,0.3773
C104379,0,0.3481
C104380,1,0.5086
C104381,0,0.3413
C104382,1,0.7457
C104383,1,0.5539
C104384,0,0.2541
C104385,0,0.4278
C104386,0,0.2669
C104387,1,0.8
C104388,0,0.3432
C104389,1,0.6009
C104390,0,0.4369
C104391,1,0.6562
C104392,0,0.2766
C104393,0,0.2087
C104394,0,0.3246
C104395,1,0.8293
C104396,0,0.3404
C104397,0,0.432
C104398,0,0.3244
C104399,1,0.6299
C104400,0,0.31
C104401,1,0.5281
C104402,0,0.4213
C104403,1,0.5693
C104404,1,0.7372
C104405,0,0.2124
C104406,1,0.6651
C104407,0,0.4037
C104408,0,0.3559
C104409,1,0.5102
C104410,0,0.3617
C104411,0,0.3457
C104412,0,0.3635
C104413,0,0.465
C104414,1,0.5702
C104415,0,0.2282
C104416,0,0.4008
C104417,1,0.5736
C104418,0,0.4387
C104419,0,0.4978
C104420,1,0.77
C104421,0,0.3391
C104422,1,0.5085
C104423,0,0.3807
C104424,1,0.525
C104425,1,0.6763
C104426,1,0.6102
C104427,0,0.4097
C104428,1,0.5385
C104429,1,0.6181
C104430,1,0.6881
C104431,0,0.3599
C104432,1,0.609
C104433,1,0.643
C104434,0,0.2694
C104435,0,0.217
C104436,0,0.2353
C104437,1,0.8413
C104438,0,0.4708
C104439,1,0.6801
C104440,0,0.3983
C104441,0,0.2599
C104442,0,0.4491
C104443,1,0.6283
C104444,1,0.6104
C104445,0,0.3961
C104446,1,0.6327
C104447,0,0.315
C104448,0,0.4259
C104449,0,0.2959
C104450,1,0.5069
C104451,0,0.2692
C104452,1,0.552
C104453,1,0.6418
C104454,1,0.5107
C104455,1,0.7158
C104456,0,0.4144
C104457,1,0.5298
C104458,0,0.2628
C104459,1,0.7931
C104460,1,0.5669
C104461,1,0.7611
C104462,1,0.7172
C104463,1,0.531
C104464,0,0.4243
C104465,1,0.573
C104466,1,0.7151
C104467,0,0.3448
C104468,0,0.2081
C104469,1,0.7496
C104470,0,0.42
C104471,0,0.4588
C104472,1,0.6665
C104473,0,0.4297
C104474,0,0.209
C104475,1,0.5766
C104476,0,0.2429
C104477,0,0.1952
C104478,1,0.7389
C104479,1,0.7693
C104480,0,0.497
C104481,1,0.765
C104482,1,0.8884
C104483,0,0.3639
C104484,0,0.3436
C104485,1,0.8483
C104486,0,0.256
C104487,0,0.3064
C104488,0,0.2774
C104489,0,0.2067
C104490,1,0.8126
C104491,1,0.7879
C104492,1,0.5287
C104493,0,0.2239
C104494,0,0.4802
C104495,0,0.4283
C104496,0,0.4917
C104497,0,0.3141
C104498,0,0.3961
C104499,0,0.4059
C104500,0,0.2046
C104501,1,0.6518
C104502,0,0.2868
C104503,0,0.3435
C104504,1,0.675
C104505,0,0.1744
C104506,0,0.2919
C104507,0,0.4407
C104508,1,0.502
C104509,0,0.3806
C104510,1,0.5935
C104511,0,0.2551
C104512,1,0.6142
C104513,0,0.4978
C104514,1,0.6465
C104515,1,0.6895
C104516,0,0.4568
C104517,1,0.5095
C104518,1,0.5962
C104519,0,0.4455
C104520,0,0.4218
C104521,0,0.1113
C104522,1,0.5341
C104523,1,0.5104
C104524,0,0.2433
C104525,1,0.5318
C104526,0,0.2738
C104527,1,0.7061
C104528,0,0.1826
C104529,0,0.2708
C104530,1,0.6046
C104531,1,0.516
C104532,1,0.7971
C104533,0,0.3263
C104534,0,0.1759
C104535,0,0.4744
C104536,0,0.4885
C104537,0,0.2064
C104538,0,0.3572
C104539,0,0.0704
C104540,0,0.4569
C104541,0,0.1367
C104542,1,0.678
C104543,0,0.3058
C104544,1,0.7598
C104545,0,0.3362
C104546,0,0.4226
C104547,1,0.5322
C104548,0,0.0716
C104549,0,0.3098
C104550,1,0.8111
C104551,0,0.4042
C104552,0,0.4441
C104553,0,0.1497
C104554,1,0.5353
C104555,1,0.7743
C104556,1,0.5631
C104557,0,0.3806
C104558,1,0.8432
C104559,1,0.6129
C104560,0,0.1155
C104561,0,0.3705
C104562,1,0.6782
C104563,0,0.4532
C104564,0,0.4048
C104565,0,0.4714
C104566,0,0.116
C104567,0,0.2461
C104568,0,0.1322
C104569,0,0.1911
C104570,1,0.7102
C104571,1,0.7341
C104572,0,0.2583
C104573,0,0.2502
C104574,0,0.3023
C104575,0,0.4789
C104576,1,0.6364
C104577,0,0.4707
C104578,1,0.8346
C104579,1,0.5452
C104580,0,0.2253
C104581,0,0.2557
C104582,0,0.4248
C104583,0,0.3023
C104584,1,0.523
C104585,0,0.3233
C104586,1,0.612
C104587,1,0.5051
C104588,1,0.6741
C104589,0,0.3571
C104590,0,0.2032
C104591,0,0.4642
C104592,1,0.5204
C104593,0,0.1345
C104594,1,0.554
C104595,0,0.3984
C104596,0,0.1446
C104597,0,0.2455
C104598,1,0.7226
C104599,0,0.266
C104600,0,0.3642
C104601,0,0.0389
C104602,0,0.2556
C104603,1,0.74
C104604,0,0.4485
C104605,0,0.2511
C104606,0,0.409
C104607,0,0.2461
C104608,1,0.5787
C104609,1,0.7675
C104610,0,0.413
C104611,0,0.1756
C104612,1,0.5046
C104613,1,0.741
C104614,1,0.6342
C104615,0,0.4046
C104616,1,0.7737
C104617,1,0.5089
C104618,0,0.305
C104619,0,0.2579
C104620,0,0.4864
C104621,1,0.5032
C104622,0,0.2694
C104623,0,0.3467
C104624,0,0.3628
C104625,0,0.4506
C104626,0,0.3144
C104627,1,0.6752
C104628,0,0.2769
C104629,0,0.1717
C104630,0,0.466
C104631,1,0.5563
C104632,0,0.2124
C104633,0,0.2816
C104634,0,0.4286
C104635,0,0.4691
C104636,1,0.7056
C104637,0,0.3764
C104638,1,0.6124
C104639,0,0.4984
C104640,1,0.6785
C104641,1,0.5586
C104642,0,0.0628
C104643,0,0.2542
C104644,1,0.5487
C104645,1,0.5571
C104646,0,0.0878
C104647,0,0.4863
C104648,0,0.4937
C104649,0,0.1953
C104650,1,0.6162
C104651,0,0.4285
C104652,0,0.1657
C104653,1,0.5118
C104654,0,0.2911
C104655,0,0.4402
C104656,0,0.1906
C104657,0,0.3957
C104658,1,0.6154
C104659,1,0.8124
C104660,0,0.4591
C104661,1,0.805
C104662,1,0.7565
C104663,0,0.3838
C104664,1,0.5752
C104665,0,0.3375
C104666,1,0.7133
C104667,0,0.1151
C104668,1,0.6472
C104669,1,0.6538
C104670,0,0.2342
C104671,0,0.4814
C104672,0,0.1634
C104673,0,0.4047
C104674,1,0.7395
C104675,0,0.3979
C104676,0,0.291
C104677,1,0.527
C104678,1,0.5981
C104679,0,0.2292
C104680,0,0.4698
C104681,0,0.424
C104682,0,0.2456
C104683,0,0.1738
C104684,0,0.2377
C104685,0,0.3862
C104686,0,0.3838
C104687,0,0.2604
C104688,0,0.269
C104689,0,0.454
C104690,0,0.443
C104691,0,0.1096
C104692,1,0.7171
C104693,1,0.6041
C104694,0,0.2591
C104695,0,0.3263
C104696,1,0.6836
C104697,0,0.4128
C104698,0,0.2558
C104699,1,0.5108
C104700,1,0.5645
C104701,0,0.331
C104702,1,0.6517
C104703,0,0.2675
C104704,1,0.5394
C104705,0,0.4016
C104706,1,0.7328
C104707,0,0.3904
C104708,1,0.6066
C104709,1,0.6683
C104710,0,0.1418
C104711,1,0.7658
C104712,0,0.1091
C104713,0,0.4445
C104714,0,0.3352
C104715,0,0.2515
C104716,0,0.3833
C104717,1,0.6058
C104718,0,0.3309
C104719,0,0.4674
C104720,1,0.6596
C104721,0,0.1044
C104722,0,0.0544
C104723,1,0.6865
C104724,1,0.5253
C104725,1,0.5
C104726,0,0.4124
C104727,1,0.5569
C104728,0,0.2902
C104729,0,0.2445
C104730,1,0.7796
C104731,0,0.212
C104732,0,0.2063
C104733,1,0.8051
C104734,0,0.3819
C104735,0,0.3368
C104736,0,0.3768
C104737,0,0.3516
C104738,0,0.2691
C104739,0,0.3832
C104740,0,0.4118
C104741,1,0.5272
C104742,1,0.6233
C104743,0,0.3063
C104744,0,0.4995
C104745,0,0.393
C104746,0,0.3528
C104747,0,0.2162
C104748,0,0.4542
C104749,1,0.8919
C104750,0,0.4422
C104751,1,0.7074
C104752,1,0.5338
C104753,1,0.5711
C104754,1,0.5246
C104755,0,0.2999
C104756,0,0.1949
C104757,0,0.1821
C104758,0,0.482
C104759,0,0.4423
C104760,0,0.2467
C104761,0,0.4532
C104762,0,0.4945
C104763,1,0.6076
C104764,0,0.3355
C104765,0,0.2593
C104766,0,0.3189
C104767,1,0.6819
C104768,0,0.2227
C104769,0,0.2033
C104770,0,0.2063
C104771,0,0.3321
C104772,1,0.742
C104773,1,0.5537
C104774,0,0.408
C104775,1,0.6662
C104776,1,0.6561
C104777,1,0.7021
C104778,0,0.2137
C104779,0,0.1807
C104780,0,0.4283
C104781,1,0.6816
C104782,0,0.4557
C104783,1,0.6697
C104784,0,0.4353
C104785,1,0.5166
C104786,1,0.516
C104787,1,0.5086
C104788,1,0.8078
C104789,1,0.5571
C104790,0,0.4882
C104791,1,0.5038
C104792,0,0.3493
C104793,0,0.1231
C104794,0,0.481
C104795,1,0.5592
C104796,0,0.3758
C104797,0,0.2264
C104798,0,0.1906
C104799,0,0.3826
C104800,0,0.4246
C104801,0,0.3688
C104802,1,0.5552
C104803,1,0.5231
C104804,0,0.4682
C104805,1,0.5851
C104806,0,0.2283
C104807,1,0.524
C104808,0,0.3484
C104809,0,0.3553
C104810,0,0.257
C104811,0,0.3324
C104812,0,0.2326
C104813,0,0.4299
C104814,1,0.6568
C104815,1,0.5744
C104816,0,0.4377
C104817,0,0.212
C104818,0,0.2452
C104819,1,0.5072
C104820,0,0.4028
C104821,1,0.5221
C104822,1,0.5794
C104823,0,0.3606
C104824,0,0.298
C104825,1,0.658
C104826,0,0.2961
C104827,0,0.4341
C104828,1,0.691
C104829,1,0.6941
C104830,1,0.5929
C104831,0,0.322
C104832,1,0.78
C104833,1,0.6312
C104834,1,0.6219
C104835,1,0.6891
C104836,0,0.1742
C104837,1,0.5598
C104838,1,0.5019
C104839,0,0.4691
C104840,1,0.5865
C104841,1,0.506
C104842,0,0.156
C104843,1,0.5231
C104844,1,0.5215
C104845,1,0.6305
C104846,0,0.3501
C104847,1,0.6871
C104848,1,0.5695
C104849,0,0.2797
C104850,0,0.4927
C104851,0,0.3577
C104852,1,0.6519
C104853,1,0.59
C104854,0,0.2859
C104855,0,0.4949
C104856,0,0.3795
C104857,0,0.4356
C104858,0,0.429
C104859,0,0.3169
C104860,0,0.4873
C104861,1,0.7235
C104862,0,0.2494
C104863,0,0.2293
C104864,0,0.3772
C104865,0,0.3379
C104866,1,0.8079
C104867,0,0.3567
C104868,0,0.1614
C104869,0,0.4742
C104870,1,0.5178
C104871,0,0.449
C104872,0,0.0858
C104873,1,0.5303
C104874,0,0.1885
C104875,1,0.7576
C104876,0,0.1788
C104877,1,0.6045
C104878,1,0.7548
C104879,0,0.4096
C104880,1,0.6381
C104881,0,0.2303
C104882,1,0.5047
C104883,0,0.4731
C104884,1,0.7606
C104885,1,0.5501
C104886,0,0.3538
C104887,1,0.8323
C104888,0,0.2288
C104889,1,0.7423
C104890,0,0.4327
C104891,0,0.3716
C104892,1,0.6719
C104893,0,0.3307
C104894,1,0.6203
C104895,1,0.5572
C104896,0,0.4002
C104897,0,0.469
C104898,1,0.7582
C104899,0,0.4665
C104900,0,0.3938
C104901,0,0.4534
C104902,0,0.4321
C104903,0,0.3286
C104904,0,0.2268
C104905,0,0.3843
C104906,0,0.2125
C104907,1,0.5906
C104908,1,0.7599
C104909,1,0.6321
C104910,0,0.2728
C104911,0,0.416
C104912,0,0.3986
C104913,0,0.3269
C104914,0,0.3693
C104915,0,0.4269
C104916,0,0.3335
C104917,0,0.3989
C104918,0,0.3245
C104919,1,0.5325
C104920,1,0.6024
C104921,1,0.6141
C104922,0,0.0677
C104923,0,0.4071
C104924,0,0.2672
C104925,0,0.2372
C104926,1,0.5747
C104927,0,0.3091
C104928,0,0.3115
C104929,0,0.3976
C104930,0,0.4604
C104931,0,0.4909
C104932,1,0.8267
C104933,1,0.7009
C104934,0,0.4887
C104935,0,0.2649
C104936,0,0.1919
C104937,0,0.3008
C104938,1,0.603
C104939,1,0.6048
C104940,1,0.679
C104941,1,0.7447
C104942,0,0.1968
C104943,0,0.4296
C104944,0,0.414
C104945,1,0.5294
C104946,0,0.285
C104947,0,0.4653
C104948,1,0.5535
C104949,1,0.6257
C104950,0,0.1441
C104951,1,0.6457
C104952,0,0.237
C104953,0,0.3731
C104954,1,0.5852
C104955,0,0.3946
C104956,0,0.4037
C104957,1,0.603
C104958,1,0.6955
C104959,0,0.3825
C104960,1,0.6261
C104961,0,0.2464
C104962,1,0.6018
C104963,1,0.5057
C104964,1,0.5677
C104965,1,0.5412
C104966,0,0.2434
C104967,0,0.3894
C104968,0,0.3591
C104969,1,0.5802
C104970,0,0.1263
C104971,0,0.4774
C104972,0,0.4946
C104973,0,0.274
C104974,1,0.7124
C104975,0,0.4325
C104976,0,0.3588
C104977,0,0.2615
C104978,1,0.6318
C104979,0,0.4137
C104980,0,0.4292
C104981,1,0.5745
C104982,0,0.3949
C104983,1,0.818
C104984,0,0.1344
C104985,1,0.8178
C104986,0,0.29
C104987,1,0.5885
C104988,1,0.6702
C104989,1,0.6667
C104990,1,0.6336
C104991,1,0.5161
C104992,0,0.2103
C104993,0,0.1881
C104994,0,0.4307
C104995,1,0.5386
C104996,0,0.2831
C104997,0,0.3986
C104998,1,0.5278
C104999,0,0.2157
